tanggal,suhu_rata2_c,kelembapan_relatif_pct,kecepatan_angin_knot,tekanan_udara_qff_hpa,curah_hujan_mm,flag_missing
2022-01-01,27.9,82.0,2.75,1009.45,2.7,0
2022-01-02,28.1,87.46,1.54,1009.02,23.0,0
2022-01-03,28.6,78.83,2.29,1008.88,13.8,0
2022-01-04,28.9,78.83,1.71,1009.82,0.0,1
2022-01-05,28.2,79.0,1.62,1010.08,0.0,1
2022-01-06,30.15,78.92,1.21,1010.38,15.3,0
2022-01-07,29.2,84.08,2.33,1010.11,36.8,0
2022-01-08,28.4,75.71,1.79,1009.65,0.0,1
2022-01-09,29.05,81.54,1.88,1008.76,0.0,1
2022-01-10,28.1,79.33,3.96,1009.03,15.5,0
2022-01-11,28.25,87.42,1.75,1010.21,9.0,0
2022-01-12,28.3,87.79,1.42,1010.91,13.8,0
2022-01-13,28.9,80.12,1.25,1010.03,0.0,1
2022-01-14,28.5,78.71,1.75,1009.08,0.0,1
2022-01-15,28.8,80.54,1.08,1009.38,0.0,0
2022-01-16,28.2,81.42,1.54,1009.42,0.0,1
2022-01-17,28.7,80.75,1.29,1008.47,1.0,0
2022-01-18,29.2,87.71,1.0,1008.44,18.2,0
2022-01-19,27.85,88.04,1.67,1008.18,35.6,0
2022-01-20,28.1,87.04,1.42,1008.87,15.9,0
2022-01-21,28.3,79.83,1.38,1008.78,0.0,1
2022-01-22,28.75,83.38,2.25,1008.35,9.3,0
2022-01-23,29.0,77.38,0.88,1007.1,0.0,0
2022-01-24,29.3,74.38,2.88,1005.95,0.0,0
2022-01-25,30.0,81.38,1.17,1006.5,4.8,0
2022-01-26,28.75,79.88,1.46,1007.57,0.0,0
2022-01-27,28.9,81.75,1.96,1008.52,2.3,0
2022-01-28,29.5,83.75,1.71,1009.53,20.5,0
2022-01-29,29.95,83.0,3.12,1009.21,9.8,0
2022-01-30,29.0,81.21,1.33,1008.64,3.7,0
2022-01-31,29.0,81.17,1.25,1008.38,4.3,0
2022-02-01,28.5,83.71,0.92,1008.79,5.7,0
2022-02-02,28.5,78.71,2.21,1009.58,2.8,0
2022-02-03,29.0,80.08,2.29,1008.47,1.5,0
2022-02-04,28.7,84.21,0.92,1007.53,20.3,0
2022-02-05,28.4,80.42,0.58,1007.32,0.0,0
2022-02-06,28.35,81.5,1.75,1008.2,24.9,0
2022-02-07,27.45,87.42,0.75,1009.27,19.0,0
2022-02-08,28.8,79.88,2.58,1009.33,1.3,0
2022-02-09,28.55,86.67,0.83,1008.2,48.9,0
2022-02-10,27.2,82.46,0.71,1007.61,0.5,0
2022-02-11,27.5,85.62,1.5,1007.59,1.6,0
2022-02-12,28.15,82.12,2.79,1006.85,6.7,0
2022-02-13,28.6,84.12,1.83,1007.32,27.0,0
2022-02-14,27.8,80.5,1.71,1008.39,0.0,0
2022-02-15,29.0,78.04,1.42,1007.68,0.0,0
2022-02-16,29.2,77.92,2.92,1006.23,0.0,0
2022-02-17,28.05,83.0,4.46,1007.49,14.5,0
2022-02-18,27.9,87.83,0.75,1009.48,8.9,0
2022-02-19,29.35,76.17,2.0,1009.08,0.0,0
2022-02-20,28.3,83.83,1.67,1008.83,3.9,0
2022-02-21,28.35,84.17,1.5,1008.71,52.0,0
2022-02-22,28.45,78.5,0.92,1008.98,3.5,0
2022-02-23,29.1,79.92,2.29,1009.62,67.6,0
2022-02-24,28.4,82.38,1.96,1009.52,87.7,0
2022-02-25,26.8,81.0,2.92,1009.33,1.3,0
2022-02-26,27.0,83.38,1.75,1009.62,8.5,0
2022-02-27,28.3,84.71,1.25,1009.04,14.5,0
2022-02-28,27.5,89.0,1.0,1008.47,19.1,0
2022-03-01,27.55,84.5,1.21,1007.89,1.5,0
2022-03-02,28.5,81.38,2.46,1007.34,0.0,1
2022-03-03,29.1,80.38,2.62,1008.15,0.0,0
2022-03-04,30.2,82.88,1.79,1008.53,25.5,0
2022-03-05,28.8,81.67,1.67,1008.24,33.5,0
2022-03-06,29.65,83.21,3.5,1007.69,67.5,0
2022-03-07,28.75,79.29,2.54,1008.0,0.0,1
2022-03-08,29.1,84.54,2.08,1007.53,7.7,0
2022-03-09,29.25,80.08,2.38,1007.25,0.0,0
2022-03-10,29.3,80.62,2.04,1006.6,0.0,1
2022-03-11,27.9,81.0,1.96,1006.06,2.2,0
2022-03-12,28.3,84.17,2.42,1006.47,8.1,0
2022-03-13,28.9,83.67,1.46,1007.59,25.8,0
2022-03-14,29.4,77.71,3.29,1007.1,0.0,0
2022-03-15,29.6,79.29,3.96,1006.68,20.4,0
2022-03-16,28.95,82.54,1.92,1007.22,0.0,0
2022-03-17,29.75,81.0,3.33,1006.46,0.0,1
2022-03-18,30.2,75.96,1.62,1006.24,0.0,1
2022-03-19,30.5,82.5,1.79,1006.31,18.7,0
2022-03-20,29.5,85.04,1.79,1008.21,6.4,0
2022-03-21,28.25,85.88,1.71,1009.16,17.1,0
2022-03-22,27.0,88.67,1.42,1009.63,1.0,0
2022-03-23,28.5,80.75,1.29,1009.42,1.5,0
2022-03-24,29.3,75.58,2.29,1008.88,0.0,0
2022-03-25,29.5,79.25,3.0,1009.89,61.5,0
2022-03-26,28.5,83.12,1.92,1010.1,0.0,1
2022-03-27,29.7,87.33,2.08,1009.83,28.6,0
2022-03-28,28.3,77.29,1.58,1009.18,0.0,0
2022-03-29,29.65,78.75,2.58,1009.1,14.2,0
2022-03-30,28.8,78.62,1.79,1009.33,0.0,0
2022-03-31,28.75,81.83,1.96,1009.34,0.0,0
2022-04-01,28.3,80.29,1.62,1010.12,0.0,0
2022-04-02,28.9,77.46,0.96,1009.69,0.0,0
2022-04-03,30.05,84.79,1.96,1009.88,66.2,0
2022-04-04,28.7,78.96,2.71,1010.31,0.0,1
2022-04-05,29.4,76.04,1.33,1010.2,0.0,0
2022-04-06,29.4,75.62,0.12,1009.65,0.0,0
2022-04-07,29.5,75.54,1.33,1008.79,0.0,0
2022-04-08,29.8,75.46,1.67,1008.55,0.0,0
2022-04-09,29.55,77.29,1.54,1008.68,3.0,0
2022-04-10,30.2,75.42,1.71,1009.45,0.0,1
2022-04-11,30.15,71.79,1.92,1008.72,0.0,1
2022-04-12,29.75,72.88,0.96,1008.03,0.0,0
2022-04-13,29.8,72.71,2.67,1008.04,0.0,0
2022-04-14,30.4,68.08,1.92,1008.22,0.0,0
2022-04-15,30.1,72.42,1.5,1008.33,0.0,0
2022-04-16,30.0,76.54,1.46,1007.98,0.0,0
2022-04-17,30.1,75.04,2.17,1007.76,0.0,0
2022-04-18,28.9,80.33,3.17,1008.37,0.0,1
2022-04-19,28.9,85.54,2.67,1009.39,3.1,0
2022-04-20,28.2,79.67,1.38,1008.86,0.0,1
2022-04-21,29.0,80.75,2.71,1009.35,0.0,1
2022-04-22,29.6,78.46,2.42,1008.99,0.0,1
2022-04-23,30.1,79.67,1.92,1008.19,11.5,0
2022-04-24,29.5,78.38,1.12,1007.74,0.0,0
2022-04-25,30.7,74.25,2.79,1007.05,0.5,0
2022-04-26,28.8,81.12,2.12,1007.11,0.0,0
2022-04-27,29.35,80.42,2.33,1007.41,7.0,0
2022-04-28,28.75,82.5,2.12,1008.05,7.3,0
2022-04-29,29.0,77.46,1.46,1007.95,0.0,1
2022-04-30,28.7,87.04,2.33,1008.46,6.6,0
2022-05-01,29.1,77.54,5.92,1007.92,0.0,0
2022-05-02,30.1,72.96,4.42,1008.04,0.0,0
2022-05-03,29.2,73.88,4.25,1008.32,0.0,0
2022-05-04,30.5,74.96,1.92,1008.86,0.0,0
2022-05-05,30.4,76.46,1.29,1007.72,0.0,0
2022-05-06,30.5,78.67,1.92,1007.2,0.0,0
2022-05-07,30.55,77.5,2.83,1007.14,22.1,0
2022-05-08,29.05,85.08,1.62,1007.64,6.4,0
2022-05-09,28.9,82.42,4.75,1008.13,0.0,0
2022-05-10,29.6,82.17,3.46,1007.85,5.4,0
2022-05-11,29.9,80.67,1.46,1007.79,0.0,0
2022-05-12,30.65,76.12,2.12,1008.4,0.0,0
2022-05-13,29.3,82.25,1.83,1009.2,23.1,0
2022-05-14,28.05,83.92,1.08,1010.37,6.0,0
2022-05-15,30.05,80.04,1.42,1009.74,0.0,0
2022-05-16,29.75,75.46,1.75,1009.52,0.0,1
2022-05-17,30.0,75.75,2.0,1010.41,0.0,0
2022-05-18,28.45,81.08,3.67,1010.88,14.2,0
2022-05-19,28.6,83.75,3.29,1010.8,8.0,0
2022-05-20,28.85,85.58,2.5,1010.27,2.5,0
2022-05-21,29.0,79.75,2.25,1009.29,0.0,0
2022-05-22,29.3,75.0,5.88,1008.01,0.0,0
2022-05-23,29.9,75.17,6.58,1008.91,0.0,0
2022-05-24,29.85,76.67,7.33,1010.51,0.0,1
2022-05-25,29.7,80.92,2.29,1010.04,1.2,0
2022-05-26,28.25,89.21,1.54,1009.99,9.4,0
2022-05-27,27.3,85.67,2.58,1009.64,0.0,1
2022-05-28,29.2,75.42,2.12,1008.98,0.0,1
2022-05-29,29.5,77.33,1.25,1008.59,0.0,0
2022-05-30,29.5,75.75,1.54,1008.08,0.0,0
2022-05-31,30.35,76.08,2.88,1008.28,12.6,0
2022-06-01,27.85,84.88,2.75,1009.1,2.5,0
2022-06-02,29.5,72.83,3.33,1009.23,0.0,1
2022-06-03,29.35,73.04,2.08,1009.66,0.0,1
2022-06-04,29.5,76.29,2.5,1009.93,0.0,1
2022-06-05,29.2,81.04,2.54,1009.68,21.5,0
2022-06-06,28.8,83.33,2.58,1009.04,0.8,0
2022-06-07,29.2,77.71,3.62,1008.68,0.0,0
2022-06-08,29.2,85.5,3.21,1009.05,5.7,0
2022-06-09,28.2,85.17,1.42,1009.44,3.5,0
2022-06-10,29.3,80.54,2.83,1009.08,0.0,0
2022-06-11,29.3,79.21,3.25,1009.27,10.5,0
2022-06-12,28.95,76.79,4.25,1009.85,6.5,0
2022-06-13,28.3,83.25,1.96,1010.06,6.5,0
2022-06-14,27.4,84.96,2.33,1010.1,8.5,0
2022-06-15,28.6,81.62,3.71,1010.07,9.3,0
2022-06-16,28.7,82.38,2.96,1009.98,4.7,0
2022-06-17,28.0,83.58,1.67,1009.92,1.5,0
2022-06-18,28.8,76.17,1.46,1009.96,0.0,0
2022-06-19,29.25,78.75,2.08,1009.37,3.0,0
2022-06-20,29.15,72.67,4.67,1007.94,0.0,0
2022-06-21,29.05,70.17,4.21,1008.66,0.0,0
2022-06-22,28.65,67.62,3.58,1010.3,0.0,0
2022-06-23,28.9,74.04,3.38,1010.01,0.0,1
2022-06-24,29.3,72.71,2.0,1008.8,0.0,0
2022-06-25,28.7,74.5,2.88,1008.33,0.0,0
2022-06-26,29.2,80.0,1.79,1010.23,1.1,0
2022-06-27,28.7,75.25,2.96,1009.33,0.0,1
2022-06-28,28.35,68.75,4.04,1008.39,0.0,0
2022-06-29,29.0,68.12,1.96,1007.9,0.0,1
2022-06-30,28.3,72.75,1.58,1008.33,0.0,0
2022-07-01,28.2,69.83,4.38,1008.52,0.0,0
2022-07-02,29.1,76.17,3.62,1007.98,0.0,1
2022-07-03,28.8,77.46,3.92,1008.0,0.0,0
2022-07-04,30.3,80.71,2.25,1008.66,6.3,0
2022-07-05,29.35,83.38,3.17,1009.37,2.5,0
2022-07-06,28.5,79.12,3.21,1010.39,0.0,1
2022-07-07,27.7,71.88,3.67,1009.87,0.0,0
2022-07-08,27.9,64.75,3.33,1009.23,0.0,1
2022-07-09,26.9,67.54,3.17,1009.44,0.0,0
2022-07-10,28.3,69.54,2.88,1009.57,0.0,0
2022-07-11,27.75,79.25,3.5,1010.4,0.0,1
2022-07-12,28.85,74.58,6.79,1008.85,0.0,1
2022-07-13,29.2,79.62,4.04,1008.8,2.6,0
2022-07-14,28.05,82.75,5.29,1009.51,1.0,0
2022-07-15,29.0,71.79,6.08,1009.63,0.0,0
2022-07-16,29.7,74.5,3.29,1010.33,0.0,1
2022-07-17,27.5,81.29,1.54,1010.1,0.0,0
2022-07-18,29.35,71.08,2.92,1009.4,0.0,0
2022-07-19,29.2,68.54,5.04,1009.15,0.0,0
2022-07-20,28.3,73.79,4.04,1009.91,0.0,0
2022-07-21,29.15,68.17,5.46,1010.17,0.0,1
2022-07-22,28.7,73.42,4.83,1010.77,0.0,1
2022-07-23,28.9,71.83,3.33,1009.33,0.0,0
2022-07-24,28.7,63.71,4.12,1008.81,0.0,1
2022-07-25,27.6,64.92,3.79,1009.96,0.0,0
2022-07-26,27.3,65.25,3.83,1009.64,0.0,1
2022-07-27,28.1,68.5,4.33,1009.21,0.0,0
2022-07-28,28.9,71.88,5.58,1009.3,0.0,0
2022-07-29,28.9,71.67,5.75,1009.41,0.0,0
2022-07-30,28.7,70.92,4.12,1009.57,0.0,1
2022-07-31,28.3,69.92,2.62,1008.68,0.0,0
2022-08-01,28.4,71.04,4.25,1008.85,0.0,0
2022-08-02,28.35,78.42,3.12,1009.38,0.0,0
2022-08-03,29.55,73.38,3.29,1009.71,0.0,0
2022-08-04,29.2,68.17,4.29,1009.74,0.0,1
2022-08-05,28.7,66.92,2.17,1010.22,0.0,0
2022-08-06,28.6,71.5,1.88,1010.18,0.0,1
2022-08-07,28.3,75.21,2.33,1009.91,0.0,1
2022-08-08,28.6,71.75,3.67,1009.25,0.0,0
2022-08-09,28.9,66.42,5.04,1009.35,0.0,1
2022-08-10,28.8,68.58,6.75,1009.83,0.0,0
2022-08-11,29.5,71.08,7.54,1009.48,0.0,0
2022-08-12,29.4,78.79,4.04,1009.69,0.0,0
2022-08-13,29.9,79.29,5.29,1009.87,0.3,0
2022-08-14,28.9,80.12,4.33,1010.34,1.0,0
2022-08-15,29.0,79.79,0.92,1010.61,0.0,1
2022-08-16,29.5,73.33,4.17,1010.62,0.0,1
2022-08-17,29.0,67.12,6.54,1010.96,0.0,1
2022-08-18,29.4,69.33,4.46,1010.32,0.0,0
2022-08-19,29.1,67.71,3.71,1010.11,0.0,0
2022-08-20,28.65,66.08,7.12,1009.62,0.0,0
2022-08-21,28.8,68.12,7.04,1010.22,0.0,0
2022-08-22,28.9,66.04,5.17,1010.17,0.0,1
2022-08-23,28.85,67.88,6.21,1010.4,0.0,0
2022-08-24,28.5,60.75,5.08,1010.4,0.0,0
2022-08-25,29.4,63.83,5.25,1009.82,0.0,1
2022-08-26,29.1,68.62,3.42,1009.12,0.0,0
2022-08-27,29.4,69.79,5.17,1008.78,0.0,0
2022-08-28,28.4,67.62,4.79,1009.0,0.0,0
2022-08-29,28.9,67.67,3.96,1009.44,0.0,0
2022-08-30,29.7,73.62,3.96,1008.85,0.0,1
2022-08-31,29.25,75.54,2.62,1008.89,0.0,1
2022-09-01,30.3,66.29,5.17,1009.73,0.0,0
2022-09-02,30.4,67.04,3.75,1009.75,0.0,1
2022-09-03,29.9,67.38,3.08,1009.59,0.0,1
2022-09-04,29.8,66.38,2.33,1010.05,0.0,0
2022-09-05,30.1,73.79,2.92,1010.48,0.0,0
2022-09-06,29.8,73.88,3.92,1010.26,0.6,0
2022-09-07,29.65,71.04,5.75,1010.88,0.0,1
2022-09-08,29.4,76.08,1.62,1011.67,0.0,1
2022-09-09,29.4,76.42,2.33,1012.22,0.0,0
2022-09-10,29.15,76.42,2.42,1011.12,0.0,1
2022-09-11,29.5,73.62,2.0,1010.21,0.0,0
2022-09-12,29.55,71.67,4.54,1010.45,0.0,0
2022-09-13,29.65,68.17,5.92,1012.28,0.0,0
2022-09-14,29.9,65.92,4.67,1012.47,0.0,0
2022-09-15,30.0,66.17,5.58,1010.69,0.0,0
2022-09-16,30.2,66.62,5.25,1010.22,0.0,1
2022-09-17,30.1,62.25,4.08,1010.41,0.0,1
2022-09-18,29.8,63.83,4.0,1010.59,0.0,0
2022-09-19,30.2,66.04,3.83,1010.61,0.0,0
2022-09-20,28.7,71.5,3.17,1010.29,0.0,0
2022-09-21,29.75,73.46,1.42,1010.52,0.0,0
2022-09-22,30.45,70.46,4.0,1009.75,0.0,0
2022-09-23,30.6,68.96,5.79,1009.3,0.0,1
2022-09-24,30.3,70.54,3.96,1009.72,0.0,1
2022-09-25,30.2,65.54,3.62,1009.3,0.0,0
2022-09-26,30.65,65.42,3.25,1008.67,0.0,1
2022-09-27,30.1,62.62,4.62,1007.9,0.0,0
2022-09-28,29.9,63.46,4.38,1007.46,0.0,0
2022-09-29,29.8,68.08,3.83,1008.78,0.0,0
2022-09-30,30.0,83.21,2.25,1009.74,31.5,0
2022-10-01,28.95,78.38,3.54,1009.46,0.5,0
2022-10-02,30.3,81.54,2.08,1008.2,21.7,0
2022-10-03,28.5,87.88,1.29,1008.98,34.6,0
2022-10-04,28.7,77.38,1.5,1008.84,0.0,1
2022-10-05,28.8,79.25,2.71,1009.75,0.0,0
2022-10-06,28.9,78.62,3.42,1009.96,0.0,0
2022-10-07,29.5,76.08,2.08,1009.53,0.0,0
2022-10-08,30.3,75.42,2.33,1009.67,0.0,1
2022-10-09,30.3,77.58,2.88,1010.46,16.0,0
2022-10-10,29.7,74.17,4.71,1010.35,0.0,1
2022-10-11,29.0,78.04,1.79,1010.16,0.0,0
2022-10-12,29.7,72.29,2.88,1009.6,0.0,1
2022-10-13,29.7,77.21,2.58,1008.84,10.8,0
2022-10-14,29.4,80.08,2.58,1007.81,38.8,0
2022-10-15,29.6,79.83,2.5,1009.15,2.4,0
2022-10-16,29.65,74.25,2.25,1010.04,0.0,0
2022-10-17,29.4,83.25,1.5,1009.29,3.3,0
2022-10-18,28.2,87.79,1.04,1009.19,10.4,0
2022-10-19,27.7,82.67,2.79,1009.69,2.7,0
2022-10-20,27.9,85.75,1.42,1010.22,10.9,0
2022-10-21,27.6,90.96,2.33,1011.32,27.2,0
2022-10-22,28.3,77.33,1.92,1010.53,0.0,0
2022-10-23,29.3,84.92,4.42,1009.74,11.0,0
2022-10-24,29.1,86.21,1.75,1009.49,37.5,0
2022-10-25,29.4,82.79,3.08,1009.45,17.9,0
2022-10-26,28.5,85.5,2.79,1008.75,10.8,0
2022-10-27,27.4,76.88,1.58,1008.03,0.0,0
2022-10-28,27.9,71.04,2.75,1007.62,0.0,1
2022-10-29,27.8,69.71,1.5,1007.69,0.0,0
2022-10-30,28.4,64.92,2.33,1007.97,0.0,0
2022-10-31,29.1,72.21,2.0,1008.51,21.4,0
2022-11-01,28.8,77.5,1.71,1009.35,0.0,0
2022-11-02,29.5,79.92,2.62,1009.45,34.3,0
2022-11-03,29.1,81.62,1.75,1009.89,41.7,0
2022-11-04,28.3,81.92,1.46,1011.21,0.0,0
2022-11-05,29.0,81.83,0.92,1011.04,0.0,0
2022-11-06,29.05,81.46,1.42,1010.97,0.0,0
2022-11-07,28.6,83.21,1.92,1010.96,4.5,0
2022-11-08,28.55,78.46,3.0,1010.0,75.4,0
2022-11-09,27.65,85.58,1.58,1009.85,7.5,0
2022-11-10,29.5,81.96,1.79,1008.96,17.7,0
2022-11-11,29.2,80.88,1.29,1008.24,0.0,0
2022-11-12,28.5,83.42,1.29,1008.12,1.4,0
2022-11-13,28.95,81.5,1.83,1008.25,2.6,0
2022-11-14,29.8,84.46,2.25,1008.25,3.8,0
2022-11-15,28.6,79.75,2.04,1007.81,0.0,1
2022-11-16,28.0,81.21,3.08,1007.79,0.0,0
2022-11-17,29.6,79.79,2.08,1007.53,0.8,0
2022-11-18,28.6,78.5,2.83,1008.21,64.9,0
2022-11-19,26.45,90.04,1.46,1007.42,8.4,0
2022-11-20,27.8,86.33,2.29,1006.78,28.5,0
2022-11-21,28.1,78.62,2.12,1007.39,1.0,0
2022-11-22,30.2,80.62,3.58,1007.77,32.0,0
2022-11-23,28.1,84.54,0.88,1008.96,3.9,0
2022-11-24,28.65,86.21,2.12,1010.23,24.6,0
2022-11-25,27.7,83.88,1.83,1010.22,0.0,0
2022-11-26,27.75,85.08,2.67,1009.32,1.1,0
2022-11-27,27.6,85.67,0.58,1008.62,1.2,0
2022-11-28,28.6,84.58,1.25,1008.51,26.9,0
2022-11-29,28.1,86.42,1.0,1008.36,19.7,0
2022-11-30,28.4,84.04,1.58,1007.75,3.2,0
2022-12-01,28.65,75.96,1.46,1006.28,0.0,0
2022-12-02,29.2,78.21,2.5,1006.69,0.0,0
2022-12-03,29.2,76.75,1.67,1007.08,0.0,0
2022-12-04,29.05,84.67,1.5,1008.1,1.0,0
2022-12-05,28.4,84.79,1.67,1008.05,3.2,0
2022-12-06,29.45,77.67,1.79,1007.62,0.2,0
2022-12-07,29.4,75.58,1.17,1007.54,0.0,1
2022-12-08,30.3,74.33,2.62,1007.71,0.0,0
2022-12-09,29.7,75.54,3.75,1007.41,70.7,0
2022-12-10,28.8,75.92,2.46,1008.16,3.4,0
2022-12-11,30.0,73.46,1.58,1008.05,0.0,0
2022-12-12,30.0,73.08,3.12,1007.91,0.0,1
2022-12-13,29.85,79.17,1.92,1008.46,0.0,0
2022-12-14,28.55,79.54,1.62,1008.39,0.0,1
2022-12-15,29.4,79.5,2.12,1006.5,1.5,0
2022-12-16,28.7,84.79,1.67,1006.69,13.0,0
2022-12-17,28.8,80.42,2.17,1006.83,6.9,0
2022-12-18,29.4,76.88,2.5,1005.62,17.0,0
2022-12-19,28.45,83.67,3.58,1006.26,20.6,0
2022-12-20,29.7,82.12,2.5,1005.96,4.2,0
2022-12-21,29.85,81.96,3.0,1005.2,7.9,0
2022-12-22,28.6,83.88,4.33,1005.27,0.0,1
2022-12-23,28.2,82.96,4.92,1007.05,6.3,0
2022-12-24,27.8,80.04,5.0,1007.89,0.4,0
2022-12-25,27.8,84.08,3.5,1008.78,0.0,0
2022-12-26,27.7,85.83,4.71,1009.88,7.7,0
2022-12-27,27.15,81.38,3.75,1010.23,0.0,0
2022-12-28,28.9,79.25,5.25,1009.65,14.8,0
2022-12-29,26.9,85.46,3.29,1010.1,0.0,1
2022-12-30,26.2,88.88,4.58,1010.62,8.1,0
2022-12-31,25.85,89.58,2.5,1010.23,34.4,0
2023-01-01,27.45,81.17,4.67,1009.56,0.1,0
2023-01-02,28.1,79.92,7.88,1009.18,0.0,0
2023-01-03,28.85,77.58,4.62,1008.58,0.0,1
2023-01-04,29.6,75.5,4.92,1008.53,0.0,1
2023-01-05,29.5,72.96,4.46,1009.24,0.0,0
2023-01-06,29.8,76.38,3.12,1009.29,0.1,0
2023-01-07,29.65,78.29,3.92,1008.45,13.5,0
2023-01-08,28.75,84.12,3.21,1009.93,26.2,0
2023-01-09,28.2,82.67,3.21,1010.92,20.5,0
2023-01-10,28.3,78.71,2.83,1010.29,1.0,0
2023-01-11,29.5,76.0,2.96,1009.5,28.9,0
2023-01-12,29.25,78.38,2.0,1009.55,1.0,0
2023-01-13,29.0,78.08,3.96,1008.94,30.0,0
2023-01-14,29.0,74.12,5.88,1007.56,0.0,0
2023-01-15,29.8,78.21,6.42,1007.21,4.5,0
2023-01-16,29.1,82.79,2.79,1008.53,1.2,0
2023-01-17,27.9,86.54,3.79,1009.53,23.3,0
2023-01-18,28.55,82.33,2.46,1009.45,1.9,0
2023-01-19,27.95,81.79,2.75,1009.07,3.3,0
2023-01-20,29.2,78.92,2.54,1008.79,0.0,0
2023-01-21,28.9,82.92,3.12,1007.51,40.5,0
2023-01-22,28.3,82.29,3.83,1006.32,34.0,0
2023-01-23,28.7,78.33,3.38,1005.96,0.0,0
2023-01-24,29.15,80.71,1.83,1005.88,0.0,1
2023-01-25,29.3,86.12,2.75,1006.55,62.5,0
2023-01-26,27.95,87.17,3.17,1006.92,2.4,0
2023-01-27,28.5,86.17,3.0,1006.49,11.1,0
2023-01-28,26.9,90.5,2.17,1006.7,10.8,0
2023-01-29,28.35,87.33,1.75,1007.7,6.1,0
2023-01-30,28.6,79.25,4.42,1007.78,0.0,1
2023-01-31,29.8,83.08,3.62,1007.16,27.1,0
2023-02-01,28.4,83.79,2.75,1007.37,1.0,0
2023-02-02,28.6,88.29,3.08,1008.43,4.5,0
2023-02-03,27.25,80.08,4.5,1007.18,0.0,1
2023-02-04,28.4,85.79,4.29,1007.08,4.0,0
2023-02-05,29.15,78.96,4.62,1006.79,0.0,0
2023-02-06,29.15,82.92,4.17,1007.05,15.6,0
2023-02-07,27.7,83.0,7.17,1007.87,2.3,0
2023-02-08,28.1,82.08,4.92,1007.99,18.6,0
2023-02-09,27.9,86.17,2.67,1007.77,49.4,0
2023-02-10,28.5,81.04,6.08,1007.4,0.0,0
2023-02-11,27.9,86.5,1.96,1008.98,7.8,0
2023-02-12,28.2,87.67,2.92,1009.55,12.9,0
2023-02-13,28.9,82.38,3.12,1008.63,8.5,0
2023-02-14,28.8,84.08,6.54,1007.2,35.8,0
2023-02-15,28.7,85.54,2.58,1007.82,7.9,0
2023-02-16,27.9,84.92,3.92,1008.87,40.6,0
2023-02-17,28.6,85.38,3.75,1008.47,6.6,0
2023-02-18,29.2,86.08,3.42,1008.39,95.5,0
2023-02-19,28.6,82.79,3.29,1008.41,19.5,0
2023-02-20,29.05,82.29,3.96,1008.57,18.6,0
2023-02-21,28.9,83.71,4.29,1009.07,94.6,0
2023-02-22,28.3,82.42,6.04,1008.48,1.0,0
2023-02-23,28.1,83.79,3.71,1007.83,3.2,0
2023-02-24,29.05,77.0,6.08,1009.15,0.0,0
2023-02-25,28.6,78.12,5.08,1009.85,3.6,0
2023-02-26,27.8,82.04,4.75,1010.1,0.0,1
2023-02-27,27.7,85.33,4.75,1010.78,8.5,0
2023-02-28,28.4,78.67,6.38,1010.35,6.2,0
2023-03-01,28.3,84.54,3.58,1010.66,1.6,0
2023-03-02,26.3,91.58,5.96,1011.78,8.2,0
2023-03-03,28.6,79.88,5.92,1012.06,0.0,0
2023-03-04,29.1,76.04,3.12,1012.3,0.0,0
2023-03-05,29.3,82.54,4.08,1011.73,50.5,0
2023-03-06,28.4,80.08,2.46,1010.64,0.0,1
2023-03-07,28.95,78.46,3.29,1011.08,0.0,0
2023-03-08,28.05,83.96,2.08,1011.62,49.6,0
2023-03-09,28.6,78.88,1.75,1010.49,0.0,0
2023-03-10,29.4,75.08,3.17,1009.86,0.0,1
2023-03-11,30.0,75.25,2.46,1010.15,0.0,0
2023-03-12,29.5,76.08,3.62,1009.52,0.0,0
2023-03-13,29.5,76.08,3.08,1008.77,0.0,0
2023-03-14,29.4,74.5,3.79,1009.33,0.2,0
2023-03-15,29.1,78.08,3.0,1010.07,0.0,0
2023-03-16,30.1,75.75,2.92,1010.4,0.0,1
2023-03-17,30.1,76.04,1.71,1010.18,0.0,0
2023-03-18,29.6,79.58,2.79,1009.11,0.0,1
2023-03-19,29.7,77.17,3.04,1008.58,6.0,0
2023-03-20,29.9,82.29,2.33,1009.08,5.9,0
2023-03-21,29.2,77.46,2.04,1008.34,13.6,0
2023-03-22,29.6,80.29,1.83,1008.18,0.0,0
2023-03-23,29.55,74.67,3.38,1008.12,0.0,0
2023-03-24,29.55,82.21,2.96,1008.99,4.8,0
2023-03-25,28.9,78.54,3.67,1008.93,0.0,0
2023-03-26,29.2,79.04,3.08,1008.28,0.0,0
2023-03-27,27.75,81.42,3.42,1009.01,0.0,0
2023-03-28,28.4,82.42,2.71,1009.5,0.0,1
2023-03-29,29.05,77.88,2.38,1008.92,8.4,0
2023-03-30,29.15,85.42,2.29,1008.45,9.4,0
2023-03-31,28.55,86.67,2.92,1009.31,22.2,0
2023-04-01,28.0,83.33,2.33,1009.22,0.0,1
2023-04-02,28.4,85.58,1.29,1008.11,4.0,0
2023-04-03,28.8,80.38,4.12,1008.71,0.0,1
2023-04-04,28.8,76.92,3.29,1009.27,0.0,1
2023-04-05,29.0,81.46,2.5,1009.22,0.0,0
2023-04-06,28.8,84.12,1.88,1009.75,45.5,0
2023-04-07,28.8,76.67,2.33,1010.14,0.0,0
2023-04-08,30.15,82.17,3.21,1010.92,78.5,0
2023-04-09,28.8,81.17,3.75,1009.8,14.8,0
2023-04-10,29.3,82.88,2.92,1009.11,11.5,0
2023-04-11,29.2,79.96,3.42,1008.4,6.8,0
2023-04-12,29.8,83.21,3.58,1008.05,36.0,0
2023-04-13,27.7,77.12,2.08,1008.8,0.0,0
2023-04-14,28.95,78.88,1.96,1008.93,19.4,0
2023-04-15,29.8,80.08,3.42,1008.48,31.2,0
2023-04-16,29.5,77.92,2.62,1008.91,0.0,0
2023-04-17,29.65,81.21,1.71,1010.82,10.1,0
2023-04-18,29.15,81.67,1.62,1010.25,0.0,0
2023-04-19,29.85,74.0,4.38,1007.43,0.0,1
2023-04-20,29.5,77.38,3.0,1007.12,0.0,0
2023-04-21,29.9,78.17,3.62,1008.18,0.0,0
2023-04-22,29.5,74.58,3.71,1008.38,0.0,0
2023-04-23,30.7,71.88,6.79,1008.94,0.0,0
2023-04-24,30.85,73.42,4.75,1008.42,0.0,0
2023-04-25,30.7,77.25,3.83,1008.04,5.5,0
2023-04-26,29.7,82.21,1.21,1007.97,4.0,0
2023-04-27,30.2,80.67,2.46,1008.3,0.0,1
2023-04-28,29.2,84.67,2.0,1008.31,12.9,0
2023-04-29,28.4,84.75,2.33,1008.39,2.5,0
2023-04-30,29.4,78.75,1.88,1007.41,0.0,0
2023-05-01,29.8,78.33,3.88,1008.28,0.0,0
2023-05-02,29.5,80.33,4.62,1009.2,2.5,0
2023-05-03,28.85,83.0,5.0,1009.25,21.1,0
2023-05-04,29.7,79.88,2.21,1008.33,0.0,1
2023-05-05,30.4,77.38,2.75,1006.61,1.0,0
2023-05-06,29.6,79.71,1.71,1007.12,0.0,0
2023-05-07,30.2,74.12,2.25,1007.78,0.0,0
2023-05-08,29.9,72.79,1.25,1008.55,0.0,0
2023-05-09,29.6,78.38,2.0,1009.5,0.0,1
2023-05-10,29.05,81.92,7.0,1010.08,4.3,0
2023-05-11,28.9,85.33,4.0,1011.54,0.0,0
2023-05-12,30.25,77.71,3.54,1010.95,0.0,0
2023-05-13,29.8,73.5,4.12,1011.73,0.0,1
2023-05-14,28.0,72.5,3.21,1012.02,0.0,0
2023-05-15,28.5,70.92,2.38,1012.27,0.0,0
2023-05-16,28.05,68.58,1.83,1012.68,0.0,0
2023-05-17,28.5,67.08,3.08,1012.6,0.0,0
2023-05-18,28.95,65.54,3.75,1012.23,0.0,0
2023-05-19,28.9,72.08,2.58,1011.85,0.0,1
2023-05-20,29.45,69.83,2.79,1011.58,0.0,0
2023-05-21,29.5,69.71,5.83,1012.21,0.0,1
2023-05-22,29.1,70.83,3.92,1012.4,0.0,0
2023-05-23,28.7,70.42,4.54,1012.44,0.0,0
2023-05-24,29.0,74.67,3.5,1012.98,0.0,0
2023-05-25,29.7,69.75,2.71,1012.42,0.0,0
2023-05-26,29.6,67.21,4.75,1011.41,0.0,0
2023-05-27,29.55,65.12,4.12,1009.93,0.0,0
2023-05-28,28.4,67.25,2.92,1009.75,0.0,1
2023-05-29,28.85,65.33,4.12,1010.5,0.0,1
2023-05-30,29.2,70.92,5.12,1011.04,0.0,0
2023-05-31,29.5,68.92,6.04,1010.56,0.0,0
2023-06-01,29.2,69.0,3.62,1010.55,0.0,0
2023-06-02,29.8,72.75,4.0,1010.76,0.0,1
2023-06-03,29.85,72.71,3.08,1010.55,0.0,0
2023-06-04,29.8,70.25,4.71,1009.56,0.0,0
2023-06-05,29.7,70.0,4.67,1009.85,0.0,0
2023-06-06,29.7,72.96,3.0,1010.44,0.0,1
2023-06-07,29.4,73.96,5.71,1011.34,0.0,0
2023-06-08,29.9,73.29,4.71,1010.93,0.0,1
2023-06-09,29.3,73.08,2.79,1009.95,0.0,0
2023-06-10,29.4,70.79,2.62,1009.72,0.0,0
2023-06-11,29.6,71.21,5.42,1010.11,0.0,0
2023-06-12,29.95,76.75,5.5,1010.38,0.0,1
2023-06-13,29.5,73.79,4.42,1010.54,0.0,1
2023-06-14,29.2,68.67,4.42,1011.45,0.0,0
2023-06-15,29.1,69.29,3.5,1010.96,0.0,0
2023-06-16,28.75,72.42,2.04,1011.16,0.0,0
2023-06-17,28.5,73.08,4.88,1011.02,0.0,0
2023-06-18,29.05,72.54,5.54,1010.78,0.0,0
2023-06-19,29.55,72.83,2.75,1010.84,0.0,0
2023-06-20,30.2,70.83,4.42,1011.41,0.0,0
2023-06-21,29.25,71.29,3.58,1010.82,0.0,0
2023-06-22,29.55,69.46,4.29,1010.21,0.0,1
2023-06-23,29.45,70.17,2.54,1009.8,0.0,0
2023-06-24,28.9,71.67,3.29,1009.18,0.0,0
2023-06-25,28.9,73.38,2.96,1009.39,0.0,1
2023-06-26,29.5,71.92,3.08,1009.9,0.0,0
2023-06-27,29.3,70.08,2.71,1011.33,0.0,0
2023-06-28,29.45,71.21,4.96,1011.44,0.0,0
2023-06-29,29.8,71.62,3.88,1010.21,0.0,0
2023-06-30,29.6,70.88,5.38,1010.43,0.0,1
2023-07-01,29.3,71.5,4.54,1011.08,0.0,0
2023-07-02,29.3,72.79,4.67,1011.57,0.0,0
2023-07-03,29.6,73.83,2.79,1010.77,0.0,0
2023-07-04,29.8,77.46,3.08,1010.1,60.0,0
2023-07-05,28.95,74.04,3.42,1009.85,0.0,0
2023-07-06,29.6,73.08,4.67,1010.86,0.0,1
2023-07-07,29.0,82.62,1.83,1012.09,26.5,0
2023-07-08,27.1,85.17,2.62,1012.25,5.8,0
2023-07-09,28.6,73.5,5.88,1010.58,0.0,0
2023-07-10,29.1,74.0,5.54,1010.65,0.0,0
2023-07-11,28.75,68.71,2.5,1011.25,0.0,0
2023-07-12,28.2,69.96,2.38,1011.28,0.0,0
2023-07-13,28.85,71.17,3.29,1010.86,0.0,0
2023-07-14,29.5,70.38,4.88,1011.02,0.0,0
2023-07-15,28.7,72.12,2.58,1010.88,0.0,0
2023-07-16,28.2,70.29,3.83,1011.05,0.0,1
2023-07-17,27.85,66.58,5.17,1010.89,0.0,0
2023-07-18,27.95,66.75,6.25,1010.85,0.0,0
2023-07-19,28.0,65.83,4.25,1010.2,0.0,0
2023-07-20,27.65,63.5,4.0,1010.72,0.0,0
2023-07-21,27.3,65.62,2.71,1012.42,0.0,0
2023-07-22,28.1,67.21,6.08,1012.6,0.0,1
2023-07-23,28.3,71.25,5.17,1011.67,0.0,1
2023-07-24,28.6,70.21,5.0,1011.82,0.0,0
2023-07-25,28.7,71.75,6.67,1012.1,0.0,0
2023-07-26,28.8,68.08,3.79,1012.79,0.0,0
2023-07-27,27.9,64.67,4.21,1012.51,0.0,0
2023-07-28,27.6,64.71,3.58,1012.59,0.0,0
2023-07-29,27.5,64.92,4.42,1012.48,0.0,0
2023-07-30,27.45,66.71,7.25,1012.37,0.0,0
2023-07-31,27.9,66.46,6.25,1012.05,0.0,0
2023-08-01,28.2,73.58,7.38,1012.14,0.0,1
2023-08-02,29.1,74.42,6.71,1013.35,0.0,0
2023-08-03,29.6,69.33,8.21,1014.23,0.0,0
2023-08-04,28.3,69.54,5.5,1015.22,0.0,0
2023-08-05,27.95,70.58,4.21,1013.8,0.6,0
2023-08-06,28.6,71.88,5.46,1012.8,0.0,0
2023-08-07,29.0,69.71,7.67,1012.3,0.0,1
2023-08-08,28.3,67.21,8.21,1013.12,0.0,0
2023-08-09,28.3,66.79,5.42,1013.77,0.0,1
2023-08-10,27.9,62.71,5.67,1013.61,0.0,1
2023-08-11,27.4,63.5,5.67,1012.7,0.0,0
2023-08-12,28.1,63.38,4.83,1012.17,0.0,0
2023-08-13,27.85,65.92,4.62,1012.18,0.0,0
2023-08-14,28.4,64.75,5.62,1012.29,0.0,0
2023-08-15,28.35,66.25,6.04,1012.95,0.0,0
2023-08-16,28.65,63.58,4.25,1012.88,0.0,0
2023-08-17,28.15,69.29,5.0,1012.05,0.0,1
2023-08-18,27.7,67.21,6.04,1011.73,0.0,0
2023-08-19,28.4,67.67,7.88,1011.58,0.0,1
2023-08-20,28.7,67.25,4.75,1011.78,0.0,0
2023-08-21,28.5,69.54,6.96,1011.41,0.0,0
2023-08-22,28.55,67.58,5.29,1011.59,0.0,0
2023-08-23,28.2,67.0,6.5,1011.84,0.0,0
2023-08-24,28.05,67.62,6.04,1011.41,0.0,0
2023-08-25,28.9,69.67,4.0,1011.12,0.0,1
2023-08-26,29.0,63.21,4.96,1010.99,0.0,0
2023-08-27,28.55,64.5,5.92,1011.34,0.0,0
2023-08-28,28.25,67.46,6.25,1011.11,0.0,0
2023-08-29,28.9,63.12,5.25,1010.63,0.0,0
2023-08-30,28.5,68.54,6.17,1011.54,0.0,0
2023-08-31,28.4,66.71,6.12,1012.02,0.0,0
2023-09-01,28.75,63.83,4.12,1011.45,0.0,0
2023-09-02,28.4,60.58,5.62,1011.31,0.0,0
2023-09-03,27.7,60.71,6.5,1011.08,0.0,0
2023-09-04,28.3,62.0,3.42,1010.53,0.0,0
2023-09-05,28.3,62.88,6.04,1011.49,0.0,1
2023-09-06,29.0,65.33,3.33,1011.58,0.0,0
2023-09-07,28.85,68.04,4.12,1011.95,0.0,0
2023-09-08,28.9,65.96,5.54,1011.82,0.0,1
2023-09-09,28.15,66.08,4.75,1011.7,0.0,0
2023-09-10,28.4,64.79,5.88,1011.87,0.0,1
2023-09-11,29.3,66.75,5.92,1011.76,0.0,0
2023-09-12,29.8,66.29,7.5,1012.58,0.0,0
2023-09-13,29.6,66.67,5.46,1011.91,0.0,0
2023-09-14,29.1,69.17,5.88,1012.44,0.0,0
2023-09-15,28.35,64.62,5.0,1012.1,0.0,0
2023-09-16,28.75,70.38,6.0,1011.74,0.0,0
2023-09-17,29.5,68.25,6.21,1010.9,0.0,0
2023-09-18,29.4,66.96,4.5,1010.61,0.0,1
2023-09-19,29.1,64.88,6.62,1011.1,0.0,1
2023-09-20,29.4,64.25,6.62,1010.74,0.0,0
2023-09-21,28.95,63.29,5.12,1011.02,0.0,0
2023-09-22,28.3,61.38,6.96,1011.27,0.0,0
2023-09-23,29.6,61.54,6.21,1010.95,0.0,0
2023-09-24,29.45,62.71,6.46,1010.53,0.0,0
2023-09-25,29.5,64.0,3.83,1010.95,0.0,0
2023-09-26,29.25,61.83,4.38,1010.96,0.0,1
2023-09-27,29.4,63.54,6.5,1011.27,0.0,0
2023-09-28,29.4,64.33,7.46,1011.65,0.0,0
2023-09-29,30.0,66.33,7.75,1012.49,0.0,0
2023-09-30,30.2,62.46,4.08,1011.9,0.0,0
2023-10-01,29.6,62.08,3.5,1011.87,0.0,0
2023-10-02,29.9,59.08,6.17,1012.28,0.0,0
2023-10-03,29.95,66.42,5.33,1012.7,0.0,0
2023-10-04,30.2,69.08,5.29,1011.89,0.0,1
2023-10-05,30.2,71.04,6.25,1011.24,0.0,1
2023-10-06,31.1,58.67,8.17,1011.4,0.0,0
2023-10-07,30.3,68.54,6.58,1011.58,0.0,0
2023-10-08,30.2,67.92,7.54,1011.93,0.0,0
2023-10-09,30.45,67.67,3.92,1012.38,0.0,0
2023-10-10,31.2,67.92,4.33,1011.52,0.0,1
2023-10-11,30.6,65.17,4.71,1011.59,0.0,0
2023-10-12,30.8,66.04,5.33,1012.22,0.0,1
2023-10-13,31.0,64.42,8.79,1011.64,0.0,0
2023-10-14,31.1,62.96,8.08,1011.17,0.0,0
2023-10-15,31.2,66.12,5.92,1010.96,0.0,0
2023-10-16,31.7,67.17,5.67,1010.92,0.0,0
2023-10-17,30.9,62.67,7.79,1011.43,0.0,0
2023-10-18,31.45,60.21,9.5,1011.63,0.0,0
2023-10-19,31.9,64.71,7.71,1011.82,0.0,0
2023-10-20,31.9,63.96,5.58,1011.51,0.0,1
2023-10-21,31.5,66.42,4.67,1011.64,0.0,0
2023-10-22,31.6,67.33,2.58,1011.88,0.0,0
2023-10-23,30.65,69.21,2.62,1011.57,0.0,1
2023-10-24,31.5,68.25,5.75,1011.66,0.0,0
2023-10-25,31.9,61.88,6.79,1012.0,0.0,0
2023-10-26,31.5,64.88,5.46,1011.41,0.0,1
2023-10-27,31.6,65.58,4.5,1010.92,0.0,0
2023-10-28,31.2,63.04,4.21,1010.75,0.0,1
2023-10-29,31.0,64.29,6.46,1009.63,0.0,0
2023-10-30,32.2,65.17,6.08,1009.43,0.0,0
2023-10-31,32.2,67.5,4.67,1009.81,0.0,0
2023-11-01,31.95,65.21,4.08,1010.09,0.0,0
2023-11-02,31.75,63.67,5.0,1009.26,0.0,0
2023-11-03,32.3,68.83,4.88,1008.83,0.0,0
2023-11-04,31.65,79.33,3.04,1009.49,36.6,0
2023-11-05,30.0,74.96,3.38,1010.0,0.0,1
2023-11-06,31.5,69.42,5.0,1009.95,0.0,0
2023-11-07,31.2,67.75,3.79,1009.88,0.0,0
2023-11-08,31.8,68.12,2.62,1009.35,0.0,0
2023-11-09,31.0,72.67,3.96,1010.16,7.5,0
2023-11-10,31.1,75.08,2.12,1010.76,0.5,0
2023-11-11,31.5,69.0,3.88,1010.74,0.0,0
2023-11-12,31.1,69.25,4.21,1010.83,0.0,1
2023-11-13,31.5,67.42,3.67,1010.74,0.0,0
2023-11-14,31.9,71.29,4.0,1010.22,0.0,0
2023-11-15,31.4,68.83,3.88,1010.42,0.0,0
2023-11-16,31.95,72.04,4.46,1010.9,0.1,0
2023-11-17,31.0,73.54,4.17,1010.73,0.0,1
2023-11-18,31.4,65.92,4.21,1009.5,0.0,0
2023-11-19,31.65,62.92,5.75,1009.55,0.0,0
2023-11-20,32.0,63.46,4.42,1009.56,0.0,1
2023-11-21,32.0,69.08,5.33,1008.75,0.0,0
2023-11-22,31.8,64.88,7.25,1007.45,0.0,0
2023-11-23,32.9,63.75,5.38,1007.34,0.0,0
2023-11-24,31.6,73.92,2.21,1008.14,0.0,0
2023-11-25,30.55,75.83,2.75,1008.86,0.0,0
2023-11-26,30.8,71.46,2.29,1008.43,0.0,1
2023-11-27,30.6,76.58,4.08,1008.52,10.2,0
2023-11-28,29.0,83.42,2.25,1008.78,12.0,0
2023-11-29,29.6,78.46,4.67,1008.82,5.6,0
2023-11-30,30.3,76.21,3.62,1008.69,0.1,0
2023-12-01,31.1,82.96,2.38,1008.7,1.0,0
2023-12-02,29.8,80.5,2.38,1008.82,3.0,0
2023-12-03,30.0,78.38,3.5,1009.47,26.3,0
2023-12-04,29.45,77.71,1.96,1009.82,0.0,1
2023-12-05,30.55,75.92,3.88,1009.26,0.0,0
2023-12-06,30.4,75.5,3.21,1009.48,0.0,0
2023-12-07,30.6,76.54,4.54,1009.39,47.6,0
2023-12-08,29.65,79.71,1.46,1009.08,0.0,1
2023-12-09,29.7,77.58,1.54,1008.57,0.0,1
2023-12-10,29.7,82.21,1.75,1008.24,31.0,0
2023-12-11,30.0,71.29,2.79,1007.8,0.0,0
2023-12-12,30.35,71.96,5.0,1007.63,0.0,0
2023-12-13,30.75,76.67,4.42,1009.04,0.0,0
2023-12-14,29.95,79.12,1.58,1009.55,3.5,0
2023-12-15,30.2,77.42,3.88,1009.02,12.4,0
2023-12-16,30.1,69.83,4.58,1008.84,0.0,0
2023-12-17,30.9,72.08,3.46,1009.07,1.0,0
2023-12-18,29.9,68.29,2.58,1009.37,0.0,0
2023-12-19,30.7,63.75,2.88,1009.5,0.0,0
2023-12-20,30.2,63.46,3.54,1008.99,0.0,0
2023-12-21,30.2,67.12,4.58,1009.78,0.0,1
2023-12-22,30.65,70.46,2.46,1010.73,0.0,0
2023-12-23,30.6,70.67,3.71,1010.69,0.0,1
2023-12-24,30.7,70.96,4.46,1010.46,0.0,0
2023-12-25,30.4,84.92,3.46,1011.35,44.2,0
2023-12-26,29.2,77.5,2.0,1011.56,0.0,0
2023-12-27,30.7,74.96,2.96,1011.67,0.0,0
2023-12-28,31.2,77.38,3.75,1010.48,1.2,0
2023-12-29,31.65,76.46,4.79,1009.41,6.7,0
2023-12-30,30.35,79.83,2.0,1008.96,0.0,1
2023-12-31,31.0,76.08,4.12,1009.2,0.6,0
2024-01-01,30.9,78.67,3.0,1009.17,0.0,0
2024-01-02,31.6,74.62,2.88,1008.52,0.0,1
2024-01-03,29.0,89.54,1.17,1009.12,4.5,0
2024-01-04,30.0,78.33,2.79,1009.76,0.0,0
2024-01-05,29.85,78.71,3.12,1010.09,0.0,0
2024-01-06,29.1,80.33,1.96,1009.75,1.2,0
2024-01-07,28.5,84.96,1.62,1010.24,0.0,1
2024-01-08,29.05,81.42,3.58,1010.28,0.0,0
2024-01-09,30.2,82.75,2.67,1008.71,19.8,0
2024-01-10,30.5,77.83,4.08,1008.04,0.0,0
2024-01-11,30.3,76.25,3.54,1008.08,0.0,0
2024-01-12,30.9,70.08,2.71,1007.62,0.2,0
2024-01-13,30.8,67.29,4.67,1007.75,0.0,0
2024-01-14,30.9,67.67,4.58,1007.85,0.0,0
2024-01-15,30.65,78.46,2.92,1008.2,0.0,1
2024-01-16,30.0,79.33,3.67,1007.89,75.4,0
2024-01-17,28.5,85.71,3.67,1007.94,1.4,0
2024-01-18,29.5,85.62,2.88,1007.49,21.9,0
2024-01-19,28.85,81.62,3.17,1008.04,0.4,0
2024-01-20,30.0,73.12,4.29,1008.34,0.0,0
2024-01-21,30.0,78.38,5.79,1008.55,11.7,0
2024-01-22,30.15,80.0,5.58,1009.12,18.4,0
2024-01-23,28.95,75.54,4.25,1009.62,0.0,0
2024-01-24,30.6,75.96,5.08,1010.82,0.0,0
2024-01-25,29.8,77.17,3.29,1012.24,0.0,0
2024-01-26,30.0,81.5,4.04,1012.6,3.0,0
2024-01-27,29.9,77.12,3.54,1012.08,0.0,0
2024-01-28,30.3,79.96,4.08,1012.25,0.0,0
2024-01-29,28.85,85.83,2.67,1012.21,4.2,0
2024-01-30,29.3,85.54,1.71,1012.19,8.7,0
2024-01-31,29.05,86.38,1.79,1012.37,27.0,0
2024-02-01,29.05,81.75,4.38,1011.8,2.0,0
2024-02-02,28.8,83.21,2.83,1010.4,0.4,0
2024-02-03,29.7,81.62,5.12,1011.07,0.0,1
2024-02-04,29.7,81.88,4.58,1012.1,4.6,0
2024-02-05,29.2,83.71,3.5,1012.35,166.0,0
2024-02-06,28.5,85.67,3.5,1011.59,35.7,0
2024-02-07,27.6,83.83,3.25,1011.02,0.0,0
2024-02-08,29.1,81.42,2.0,1010.85,3.0,0
2024-02-09,29.4,79.5,3.71,1010.9,48.6,0
2024-02-10,27.6,90.29,1.62,1012.17,7.7,0
2024-02-11,29.6,88.25,3.33,1012.03,50.0,0
2024-02-12,29.2,83.38,3.0,1011.77,5.0,0
2024-02-13,29.7,81.58,3.25,1011.06,4.5,0
2024-02-14,28.7,85.21,3.04,1010.78,0.0,1
2024-02-15,30.6,76.88,2.62,1010.7,0.0,1
2024-02-16,30.35,79.46,3.29,1009.99,0.4,0
2024-02-17,29.5,80.83,2.29,1010.4,0.0,1
2024-02-18,29.6,81.96,2.42,1010.85,0.0,0
2024-02-19,29.4,79.25,2.67,1010.8,0.0,1
2024-02-20,30.45,75.5,3.04,1009.99,0.0,0
2024-02-21,31.0,81.58,4.88,1009.61,24.4,0
2024-02-22,30.2,77.21,5.88,1009.81,7.2,0
2024-02-23,29.2,84.04,3.58,1010.54,0.0,1
2024-02-24,29.9,79.33,2.33,1009.85,0.0,0
2024-02-25,29.7,80.62,4.96,1010.39,0.6,0
2024-02-26,29.3,81.75,2.88,1009.98,3.4,0
2024-02-27,29.7,78.54,2.92,1008.3,0.0,0
2024-02-28,29.4,83.79,1.62,1008.49,73.3,0
2024-02-29,28.9,81.88,1.04,1008.82,0.0,0
2024-03-01,30.5,82.88,4.17,1008.84,8.0,0
2024-03-02,29.3,81.54,4.42,1009.29,0.0,1
2024-03-03,29.85,79.25,3.54,1009.48,0.0,0
2024-03-04,29.7,85.67,1.96,1009.29,8.4,0
2024-03-05,29.3,84.21,3.17,1008.27,0.0,0
2024-03-06,30.0,77.79,6.75,1007.63,1.2,0
2024-03-07,29.1,83.88,3.54,1007.32,0.8,0
2024-03-08,30.6,83.62,3.29,1007.16,17.4,0
2024-03-09,28.4,90.0,6.54,1009.08,10.6,0
2024-03-10,27.45,81.54,3.42,1010.1,0.0,1
2024-03-11,28.7,82.29,2.83,1009.87,9.3,0
2024-03-12,27.5,90.71,1.25,1009.9,2.0,0
2024-03-13,27.3,89.17,3.08,1009.64,11.5,0
2024-03-14,27.9,88.54,3.33,1009.73,6.3,0
2024-03-15,27.6,84.38,5.33,1009.98,3.5,0
2024-03-16,29.2,81.62,4.83,1009.93,0.6,0
2024-03-17,28.5,81.62,5.71,1008.79,0.8,0
2024-03-18,29.0,82.17,5.58,1009.24,0.0,0
2024-03-19,29.35,78.46,3.79,1009.37,0.0,0
2024-03-20,29.8,77.75,4.67,1009.55,0.6,0
2024-03-21,29.8,76.0,3.33,1009.52,0.0,0
2024-03-22,30.25,74.33,3.83,1009.1,0.0,0
2024-03-23,31.05,75.21,2.5,1009.74,0.0,0
2024-03-24,31.25,76.38,1.79,1010.42,0.0,0
2024-03-25,29.9,77.21,3.04,1010.93,0.0,0
2024-03-26,30.8,71.88,3.92,1011.91,0.0,0
2024-03-27,31.3,66.67,2.29,1011.91,0.0,0
2024-03-28,30.9,76.96,3.0,1011.82,0.0,1
2024-03-29,30.5,75.58,2.38,1011.64,0.2,0
2024-03-30,31.2,71.58,4.92,1011.62,0.0,1
2024-03-31,31.2,77.17,3.42,1010.77,0.0,1
2024-04-01,30.8,81.92,1.96,1010.1,2.3,0
2024-04-02,30.7,80.58,3.04,1009.25,8.7,0
2024-04-03,31.25,77.54,3.54,1008.57,1.1,0
2024-04-04,30.6,79.12,3.54,1007.9,70.0,0
2024-04-05,29.7,84.46,2.62,1008.33,29.5,0
2024-04-06,29.9,79.42,4.62,1007.47,0.4,0
2024-04-07,28.7,83.08,2.38,1007.35,50.9,0
2024-04-08,28.0,86.58,1.04,1008.15,15.7,0
2024-04-09,28.7,84.08,1.67,1008.88,0.1,0
2024-04-10,29.1,82.08,2.83,1009.5,0.0,1
2024-04-11,29.3,84.38,1.33,1009.68,1.4,0
2024-04-12,29.9,80.21,1.29,1008.94,0.0,0
2024-04-13,30.5,78.96,3.12,1009.36,0.0,0
2024-04-14,30.7,75.67,2.92,1010.48,2.2,0
2024-04-15,30.3,79.29,1.42,1010.74,0.0,0
2024-04-16,31.05,73.25,4.54,1009.01,0.0,1
2024-04-17,30.4,79.17,5.52,1009.01,0.0,0
2024-04-18,30.1,76.54,3.29,1008.6,4.8,0
2024-04-19,29.6,79.38,2.08,1007.8,0.0,1
2024-04-20,30.4,76.58,3.96,1007.8,14.6,0
2024-04-21,28.65,86.21,1.12,1008.88,1.6,0
2024-04-22,29.55,81.54,3.0,1008.18,0.0,0
2024-04-23,29.3,87.12,1.58,1007.87,11.7,0
2024-04-24,28.2,86.75,2.75,1008.18,0.4,0
2024-04-25,27.1,93.08,1.42,1008.48,10.0,0
2024-04-26,29.0,82.42,2.71,1008.06,6.5,0
2024-04-27,30.4,76.0,6.38,1008.53,0.0,0
2024-04-28,31.3,72.92,4.42,1009.27,0.0,0
2024-04-29,30.8,75.04,3.0,1008.61,0.0,0
2024-04-30,30.9,71.08,3.62,1007.96,0.0,0
2024-05-01,30.55,74.92,3.75,1007.69,0.0,1
2024-05-02,30.7,73.58,3.38,1008.31,0.0,0
2024-05-03,30.5,72.54,3.71,1008.73,0.0,0
2024-05-04,30.2,72.17,1.71,1008.37,0.0,0
2024-05-05,29.65,69.21,1.67,1009.22,0.0,0
2024-05-06,30.2,67.71,3.71,1010.04,0.0,1
2024-05-07,29.8,68.58,3.71,1009.73,0.0,0
2024-05-08,30.3,75.04,2.12,1009.5,9.0,0
2024-05-09,29.6,74.88,5.79,1010.01,0.0,0
2024-05-10,31.5,73.25,7.58,1010.1,1.0,0
2024-05-11,31.0,72.25,4.08,1010.64,0.0,1
2024-05-12,30.8,70.25,3.0,1009.92,0.0,0
2024-05-13,30.1,72.12,4.46,1009.46,0.0,1
2024-05-14,30.7,71.42,3.75,1010.01,0.0,0
2024-05-15,30.25,70.71,2.75,1010.75,0.0,0
2024-05-16,29.9,69.17,2.79,1009.86,0.0,0
2024-05-17,30.2,71.33,4.83,1009.29,0.0,0
2024-05-18,30.55,70.46,4.08,1008.64,0.0,0
2024-05-19,30.0,68.38,2.92,1007.84,0.0,0
2024-05-20,29.95,69.42,3.75,1008.72,0.0,1
2024-05-21,30.15,70.46,5.75,1008.59,0.0,0
2024-05-22,30.05,73.5,3.0,1008.62,0.0,1
2024-05-23,30.3,71.33,2.88,1008.54,0.0,0
2024-05-24,30.9,76.04,2.75,1009.12,2.0,0
2024-05-25,30.75,73.62,2.42,1009.88,0.0,0
2024-05-26,30.7,71.46,2.12,1010.17,0.0,0
2024-05-27,30.3,71.21,3.79,1009.81,0.0,1
2024-05-28,30.5,74.67,3.29,1009.55,0.0,0
2024-05-29,30.95,74.33,2.5,1009.61,2.6,0
2024-05-30,30.2,73.08,3.29,1010.01,0.0,0
2024-05-31,30.8,70.96,3.96,1010.35,0.0,0
2024-06-01,30.8,71.5,3.17,1010.82,0.0,0
2024-06-02,31.15,75.08,2.33,1010.74,0.0,1
2024-06-03,30.9,72.0,2.83,1010.62,0.0,0
2024-06-04,31.2,72.08,2.0,1012.03,0.0,1
2024-06-05,29.8,69.17,2.75,1011.87,0.0,0
2024-06-06,30.0,71.54,2.67,1011.2,0.0,0
2024-06-07,30.0,68.92,3.79,1010.59,0.0,0
2024-06-08,30.0,74.58,2.71,1010.43,4.2,0
2024-06-09,29.45,77.46,4.67,1011.27,0.0,1
2024-06-10,30.4,73.38,4.58,1011.58,0.0,1
2024-06-11,30.6,75.04,3.5,1012.21,1.0,0
2024-06-12,30.7,75.71,2.62,1012.22,0.4,0
2024-06-13,30.0,74.71,4.0,1011.24,0.0,1
2024-06-14,29.75,75.75,2.67,1009.92,0.2,0
2024-06-15,29.5,79.5,2.17,1009.72,6.5,0
2024-06-16,29.35,75.21,4.71,1010.21,0.6,0
2024-06-17,29.5,70.54,5.96,1010.57,0.0,0
2024-06-18,30.3,68.46,5.38,1010.95,0.0,1
2024-06-19,28.5,68.0,3.88,1009.94,0.0,0
2024-06-20,28.7,67.04,4.67,1009.97,0.0,0
2024-06-21,28.1,66.38,2.83,1010.98,0.0,0
2024-06-22,28.7,65.5,3.25,1010.65,0.0,0
2024-06-23,28.75,71.42,3.92,1010.12,0.0,1
2024-06-24,29.3,75.96,3.17,1009.93,0.0,0
2024-06-25,29.5,72.21,3.21,1009.51,0.0,1
2024-06-26,29.5,73.38,4.88,1009.53,0.0,0
2024-06-27,29.7,77.58,4.21,1010.31,0.0,0
2024-06-28,29.95,78.29,3.46,1010.98,0.0,1
2024-06-29,30.9,70.33,3.38,1011.38,0.0,0
2024-06-30,30.75,72.58,3.38,1010.16,0.0,0
2024-07-01,29.8,69.08,2.88,1009.66,0.0,0
2024-07-02,29.0,78.17,1.62,1010.55,24.4,0
2024-07-03,27.8,79.0,7.29,1011.7,0.2,0
2024-07-04,28.6,76.04,3.46,1010.7,0.0,0
2024-07-05,29.2,69.71,4.92,1009.02,0.0,0
2024-07-06,29.15,74.88,5.21,1010.05,0.0,1
2024-07-07,30.0,73.33,4.08,1010.52,0.0,0
2024-07-08,29.4,70.96,4.54,1009.71,0.0,0
2024-07-09,28.8,68.0,3.17,1011.37,0.0,0
2024-07-10,29.0,67.62,5.54,1012.17,0.0,0
2024-07-11,29.0,64.92,4.08,1011.25,0.0,0
2024-07-12,28.1,64.88,2.92,1009.95,0.0,1
2024-07-13,27.78,63.86,3.82,1010.04,0.0,1
2024-07-14,27.45,61.75,5.62,1009.89,0.0,0
2024-07-15,27.9,65.04,2.83,1010.47,0.0,0
2024-07-16,27.8,68.88,3.58,1010.45,0.0,0
2024-07-17,28.5,70.71,6.67,1011.45,0.0,0
2024-07-18,28.7,67.58,4.71,1012.31,0.0,0
2024-07-19,29.1,65.21,3.38,1011.05,0.0,0
2024-07-20,28.3,67.21,5.88,1012.18,0.0,0
2024-07-21,28.7,69.46,5.5,1012.45,0.0,0
2024-07-22,28.35,67.79,4.79,1012.49,0.0,0
2024-07-23,28.7,69.38,3.25,1011.13,0.0,0
2024-07-24,28.9,68.96,2.96,1009.51,0.0,0
2024-07-25,29.2,68.12,3.29,1009.61,0.0,0
2024-07-26,28.75,66.17,3.54,1011.11,0.0,0
2024-07-27,29.4,68.42,5.38,1011.72,0.0,0
2024-07-28,29.45,70.38,4.58,1010.67,0.0,0
2024-07-29,29.1,69.58,3.33,1010.37,0.0,0
2024-07-30,29.2,71.42,5.21,1011.78,0.0,0
2024-07-31,29.5,73.33,9.04,1012.78,0.0,0
2024-08-01,29.8,75.5,5.67,1012.05,0.0,0
2024-08-02,30.0,73.58,7.08,1011.93,0.0,0
2024-08-03,29.85,69.5,6.96,1012.48,0.0,0
2024-08-04,29.5,67.71,4.54,1011.58,0.0,0
2024-08-05,28.6,64.83,4.58,1011.52,0.0,0
2024-08-06,29.1,66.54,4.71,1011.42,0.0,0
2024-08-07,28.9,70.46,6.58,1012.03,0.0,0
2024-08-08,29.3,70.38,5.17,1012.67,0.0,0
2024-08-09,29.5,69.92,6.58,1011.12,0.0,0
2024-08-10,29.4,67.33,5.54,1010.38,0.0,0
2024-08-11,28.5,60.88,4.46,1010.2,0.0,0
2024-08-12,27.5,63.83,3.92,1010.68,0.0,0
2024-08-13,28.4,67.38,6.54,1011.22,0.0,0
2024-08-14,28.7,69.26,5.04,1010.59,0.0,0
2024-08-15,28.7,71.78,3.28,1010.35,0.0,0
2024-08-16,28.4,69.6,4.25,1010.12,0.0,0
2024-08-17,28.55,69.1,5.52,1010.78,0.0,0
2024-08-18,28.95,68.0,4.29,1010.7,0.0,0
2024-08-19,28.3,69.38,5.33,1010.54,0.0,0
2024-08-20,28.8,69.35,5.3,1011.46,0.0,0
2024-08-21,28.8,73.17,3.61,1011.42,0.0,0
2024-08-22,28.65,68.79,3.46,1012.18,0.0,0
2024-08-23,29.25,67.33,5.92,1012.47,0.0,0
2024-08-24,29.5,66.5,4.62,1011.72,0.0,0
2024-08-25,29.6,67.83,4.62,1011.04,0.0,0
2024-08-26,29.8,70.65,7.35,1010.97,0.0,0
2024-08-27,29.3,67.5,5.12,1011.22,0.0,0
2024-08-28,28.4,67.67,2.25,1011.26,0.0,0
2024-08-29,28.5,72.47,2.06,1011.51,0.0,1
2024-08-30,28.6,65.6,5.53,1011.65,0.0,0
2024-08-31,29.45,66.08,5.0,1010.38,0.0,0
2024-09-01,29.72,75.09,2.55,1011.1,0.0,1
2024-09-02,30.0,68.54,6.08,1011.43,0.0,0
2024-09-03,29.9,66.5,4.29,1011.22,0.0,0
2024-09-04,30.25,78.46,1.85,1010.42,0.0,1
2024-09-05,30.6,66.75,5.75,1010.08,0.0,0
2024-09-06,30.37,68.44,6.28,1011.9,0.0,1
2024-09-07,30.13,69.76,5.29,1011.88,0.0,1
2024-09-08,29.9,71.5,5.45,1011.47,0.0,0
2024-09-09,30.5,66.58,4.25,1010.06,0.0,0
2024-09-10,29.6,77.62,0.44,1011.69,0.0,1
2024-09-11,31.0,71.16,3.74,1011.9,0.0,0
2024-09-12,30.1,66.11,4.83,1012.34,0.0,0
2024-09-13,30.0,67.0,3.6,1010.94,0.0,0
2024-09-14,30.0,63.94,3.5,1009.79,0.0,0
2024-09-15,30.0,67.29,3.24,1009.64,0.0,1
2024-09-16,30.0,69.06,4.33,1009.49,0.0,0
2024-09-17,29.8,55.42,3.12,1007.7,0.0,0
2024-09-18,29.75,65.93,1.71,1008.99,0.0,1
2024-09-19,29.7,62.62,3.96,1008.1,0.0,0
2024-09-20,29.7,66.67,7.92,1008.72,0.0,0
2024-09-21,30.9,69.77,5.95,1009.38,0.0,0
2024-09-22,31.15,74.27,4.05,1009.82,0.0,0
2024-09-23,32.0,74.96,4.33,1010.42,0.0,0
2024-09-24,31.3,74.9,4.05,1010.3,0.0,0
2024-09-25,30.8,75.38,4.05,1010.55,1.0,0
2024-09-26,31.15,80.4,1.0,1011.04,2.0,1
2024-09-27,31.5,71.57,3.33,1010.86,0.0,0
2024-09-28,31.8,68.52,8.76,1010.43,0.0,0
2024-09-29,31.4,62.83,8.13,1009.97,0.0,0
2024-09-30,31.28,71.31,3.62,1009.84,0.0,1
2024-10-01,31.15,62.62,4.25,1009.6,0.0,0
2024-10-02,31.6,64.58,5.92,1010.46,0.0,0
2024-10-03,31.3,64.12,6.71,1010.44,0.0,0
2024-10-04,31.55,65.41,5.47,1010.02,0.0,1
2024-10-05,31.8,64.25,5.0,1009.74,0.0,0
2024-10-06,31.45,69.43,6.33,1010.72,0.0,0
2024-10-07,30.3,65.18,4.77,1011.71,0.0,0
2024-10-08,31.1,70.94,3.31,1011.38,0.0,0
2024-10-09,31.85,67.16,6.16,1010.11,0.0,0
2024-10-10,31.95,63.39,7.13,1009.23,0.0,0
2024-10-11,31.65,64.33,5.79,1009.1,0.0,0
2024-10-12,31.4,65.71,8.17,1009.12,0.0,0
2024-10-13,32.5,68.3,3.25,1009.34,0.0,0
2024-10-14,32.05,66.48,3.13,1009.31,0.0,0
2024-10-15,31.2,60.91,3.18,1010.25,0.0,0
2024-10-16,31.0,58.35,3.05,1011.19,0.0,0
2024-10-17,31.1,58.88,4.04,1010.65,0.0,0
2024-10-18,30.85,75.38,1.38,1010.76,0.0,1
2024-10-19,30.6,75.77,2.95,1010.99,4.0,0
2024-10-20,31.1,75.67,2.0,1011.62,3.4,0
2024-10-21,29.8,76.54,2.38,1010.98,2.0,0
2024-10-22,30.35,79.29,0.47,1010.58,0.0,0
2024-10-23,31.1,73.17,2.94,1010.32,0.0,0
2024-10-24,31.2,77.0,1.06,1010.36,0.0,0
2024-10-25,31.2,67.67,2.75,1009.8,0.0,0
2024-10-26,31.6,77.8,1.4,1009.63,0.0,1
2024-10-27,32.0,64.67,3.5,1007.99,0.0,0
2024-10-28,32.0,70.17,1.92,1009.45,0.0,1
2024-10-29,32.0,66.25,3.42,1009.53,0.0,0
2024-10-30,31.7,66.16,4.26,1009.84,0.0,0
2024-10-31,31.75,69.26,3.09,1009.41,0.0,1
2024-11-01,30.42,79.32,2.14,1010.52,0.0,1
2024-11-02,29.1,75.08,2.92,1010.53,0.0,0
2024-11-03,30.0,83.65,1.55,1010.7,11.5,0
2024-11-04,29.3,80.8,2.25,1010.19,0.0,0
2024-11-05,30.85,71.62,3.62,1009.75,0.0,0
2024-11-06,31.4,64.88,4.62,1010.02,0.0,0
2024-11-07,31.3,70.21,4.12,1010.06,0.0,0
2024-11-08,31.6,73.43,4.14,1009.85,0.0,0
2024-11-09,32.2,77.06,2.33,1009.96,0.0,1
2024-11-10,29.5,76.43,1.65,1009.8,0.0,0
2024-11-11,30.8,77.14,1.41,1009.5,1.0,0
2024-11-12,31.25,78.86,3.0,1008.74,0.0,1
2024-11-13,31.7,74.64,2.0,1008.72,0.0,0
2024-11-14,31.65,67.87,4.47,1008.34,0.0,0
2024-11-15,31.8,72.3,4.13,1007.97,0.0,0
2024-11-16,31.8,78.67,3.11,1007.42,0.0,0
2024-11-17,31.4,73.61,2.39,1007.43,0.0,0
2024-11-18,31.6,77.71,1.29,1007.92,0.0,1
2024-11-19,31.55,79.86,3.09,1007.86,7.2,0
2024-11-20,30.7,79.28,2.83,1007.08,0.0,0
2024-11-21,30.5,78.4,2.55,1007.41,3.2,0
2024-11-22,30.8,80.13,1.13,1007.69,0.0,0
2024-11-23,31.0,77.96,2.38,1007.31,4.0,0
2024-11-24,30.2,79.0,1.46,1007.86,0.0,0
2024-11-25,30.55,84.8,0.0,1008.04,0.0,1
2024-11-26,30.9,80.21,2.5,1006.31,18.6,0
2024-11-27,30.15,82.67,2.21,1006.55,14.9,0
2024-11-28,30.35,74.88,2.92,1007.3,0.0,0
2024-11-29,29.8,84.67,3.71,1006.94,59.5,0
2024-11-30,30.1,84.7,2.43,1006.4,26.6,0
2024-12-01,28.4,83.38,2.04,1006.68,0.0,0
2024-12-02,28.25,89.58,1.58,1007.33,2.8,0
2024-12-03,29.45,71.79,4.21,1007.18,0.0,0
2024-12-04,29.8,78.12,3.58,1006.57,0.0,1
2024-12-05,29.6,77.58,3.33,1006.22,0.0,1
2024-12-06,28.4,89.88,2.62,1006.92,5.0,0
2024-12-07,29.25,81.54,2.08,1006.89,3.5,0
2024-12-08,29.95,84.17,4.35,1006.29,15.1,0
2024-12-09,28.6,83.42,4.5,1005.62,6.4,0
2024-12-10,30.05,85.43,4.48,1005.05,81.6,0
2024-12-11,29.4,85.17,1.91,1006.09,6.4,0
2024-12-12,28.1,89.08,1.88,1007.01,16.2,0
2024-12-13,29.1,81.54,3.0,1006.78,9.0,0
2024-12-14,27.9,88.79,1.71,1008.2,3.0,0
2024-12-15,28.65,82.92,3.88,1008.64,10.5,0
2024-12-16,27.6,88.0,2.38,1008.79,2.2,0
2024-12-17,29.0,85.67,3.0,1008.19,4.9,0
2024-12-18,29.55,79.38,2.88,1006.54,0.0,0
2024-12-19,29.9,71.08,6.08,1006.1,0.0,0
2024-12-20,30.8,74.75,5.12,1006.85,0.0,0
2024-12-21,30.95,75.38,2.67,1008.09,0.0,0
2024-12-22,29.8,81.79,2.42,1008.66,2.0,0
2024-12-23,29.4,83.25,5.25,1007.88,39.0,0
2024-12-24,29.65,84.54,4.04,1008.55,12.4,0
2024-12-25,28.65,86.38,2.88,1010.21,18.6,0
2024-12-26,29.3,75.12,4.67,1010.57,0.0,0
2024-12-27,30.0,72.38,4.42,1009.48,0.0,0
2024-12-28,30.5,81.61,3.22,1009.34,12.3,0
2024-12-29,28.35,75.71,2.17,1008.82,0.0,0
2024-12-30,28.8,77.57,5.17,1009.04,0.4,0
2024-12-31,28.8,81.25,4.79,1008.54,2.2,0
2025-01-01,28.4,88.08,1.54,1008.62,31.3,0
2025-01-02,27.8,88.33,2.0,1009.27,0.4,0
2025-01-03,29.7,71.46,2.04,1008.24,0.0,0
2025-01-04,29.4,81.17,3.29,1008.12,3.9,0
2025-01-05,28.95,88.04,2.13,1008.4,46.3,0
2025-01-06,28.85,82.08,2.71,1008.11,0.2,0
2025-01-07,28.8,78.75,3.79,1008.3,0.0,0
2025-01-08,28.8,79.58,3.25,1008.91,0.2,0
2025-01-09,30.2,74.54,4.5,1009.55,0.0,1
2025-01-10,29.5,78.5,2.75,1010.05,0.0,1
2025-01-11,29.75,84.74,2.87,1009.59,68.4,0
2025-01-12,27.8,85.04,3.54,1008.46,24.0,0
2025-01-13,28.4,83.0,2.29,1008.15,0.0,0
2025-01-14,29.7,82.17,3.5,1009.22,12.6,0
2025-01-15,27.7,80.5,3.75,1008.12,6.4,0
2025-01-16,29.1,82.67,4.79,1007.52,11.7,0
2025-01-17,29.1,83.71,4.38,1006.65,23.4,0
2025-01-18,29.15,84.46,4.96,1006.07,7.5,0
2025-01-19,29.55,81.88,7.5,1005.8,22.4,0
2025-01-20,28.7,86.12,3.62,1007.42,89.4,0
2025-01-21,28.3,84.92,2.83,1008.34,3.3,0
2025-01-22,28.2,84.12,2.58,1008.75,16.2,0
2025-01-23,28.8,86.54,2.0,1008.33,0.0,0
2025-01-24,28.65,79.67,1.96,1007.89,0.0,0
2025-01-25,29.3,82.17,3.3,1007.61,136.0,0
2025-01-26,28.4,85.25,3.75,1006.5,7.8,0
2025-01-27,27.05,89.58,3.0,1007.33,0.0,1
2025-01-28,27.4,83.83,2.92,1008.9,0.0,0
2025-01-29,28.4,83.29,4.79,1008.75,2.2,0
2025-01-30,27.4,83.29,3.67,1008.22,0.0,1
2025-01-31,27.75,78.5,3.5,1007.19,0.0,0
2025-02-01,28.1,79.88,7.12,1006.9,0.0,0
2025-02-02,29.25,86.62,4.38,1006.79,9.0,0
2025-02-03,28.9,80.96,6.83,1007.0,0.0,1
2025-02-04,28.8,81.29,5.5,1006.97,9.0,0
2025-02-05,29.4,80.46,5.75,1006.32,3.0,0
2025-02-06,29.25,79.88,4.83,1007.5,1.1,0
2025-02-07,29.35,82.79,4.83,1008.08,31.8,0
2025-02-08,28.8,80.33,8.29,1007.15,1.5,0
2025-02-09,30.0,82.04,9.26,1007.37,1.3,0
2025-02-10,29.8,80.08,7.58,1008.08,0.0,0
2025-02-11,29.4,75.83,5.38,1009.35,0.0,0
2025-02-12,30.2,70.83,3.79,1009.7,0.0,0
2025-02-13,30.35,83.83,3.29,1009.32,33.1,0
2025-02-14,27.55,82.12,4.88,1008.82,0.6,0
2025-02-15,28.45,80.96,4.83,1009.03,4.2,0
2025-02-16,29.35,77.42,5.0,1009.64,1.0,0
2025-02-17,29.15,82.46,3.21,1010.7,0.0,1
2025-02-18,28.9,77.29,3.33,1010.06,0.0,0
2025-02-19,29.7,77.71,3.62,1009.83,0.0,0
2025-02-20,29.7,83.48,1.96,1010.08,16.5,0
2025-02-21,28.65,80.29,1.96,1010.26,0.0,0
2025-02-22,28.5,83.96,4.83,1010.43,0.7,0
2025-02-23,28.25,87.33,3.08,1012.04,43.2,0
2025-02-24,28.3,87.08,2.54,1012.52,16.2,0
2025-02-25,28.4,79.88,2.42,1012.1,17.3,0
2025-02-26,28.6,86.25,1.54,1011.76,2.8,0
2025-02-27,28.75,81.38,0.5,1010.58,0.9,0
2025-02-28,28.55,84.12,3.04,1010.68,48.2,0
2025-03-01,28.7,81.04,1.83,1008.72,0.0,0
2025-03-02,29.9,78.04,2.75,1007.72,0.0,0
2025-03-03,29.9,73.12,2.83,1007.87,2.5,0
2025-03-04,30.6,78.67,2.21,1008.39,0.0,1
2025-03-05,30.9,73.58,2.33,1008.36,0.0,0
2025-03-06,30.25,81.54,2.21,1008.53,1.9,0
2025-03-07,29.6,79.0,5.75,1007.79,0.0,0
2025-03-08,29.1,85.38,3.04,1008.62,14.5,0
2025-03-09,28.45,85.5,2.5,1010.12,9.2,0
2025-03-10,27.8,81.54,3.62,1010.58,0.0,1
2025-03-11,29.8,79.38,3.17,1009.03,0.0,0
2025-03-12,29.75,77.67,3.58,1008.68,0.0,1
2025-03-13,29.65,83.62,2.29,1008.47,30.6,0
2025-03-14,28.35,84.79,1.71,1009.4,5.0,0
2025-03-15,29.4,85.96,3.79,1009.38,15.1,0
2025-03-16,28.5,85.83,3.12,1008.22,6.8,0
2025-03-17,27.6,81.17,2.88,1008.5,0.0,0
2025-03-18,29.6,78.62,3.12,1009.8,5.0,0
2025-03-19,29.15,85.96,1.35,1010.98,19.8,0
2025-03-20,29.8,78.71,4.71,1010.51,1.0,0
2025-03-21,30.0,81.83,6.87,1010.34,20.1,0
2025-03-22,28.1,87.78,5.87,1009.84,15.9,0
2025-03-23,28.6,82.48,4.61,1008.8,0.0,0
2025-03-24,29.5,76.62,4.17,1007.68,0.0,0
2025-03-25,29.7,79.17,4.67,1006.23,0.0,0
2025-03-26,30.25,78.83,4.88,1005.97,1.5,0
2025-03-27,29.75,83.54,3.08,1005.81,1.0,0
2025-03-28,29.3,87.08,5.17,1007.09,45.4,0
2025-03-29,28.6,85.25,3.08,1007.42,31.5,0
2025-03-30,28.85,81.83,2.83,1008.42,0.0,0
2025-03-31,29.5,81.88,1.88,1008.02,29.9,0
2025-04-01,29.05,84.25,2.5,1009.2,3.7,0
2025-04-02,28.6,81.83,2.58,1010.23,1.0,0
2025-04-03,29.2,85.0,3.92,1010.48,24.9,0
2025-04-04,29.3,80.79,2.79,1009.65,4.4,0
2025-04-05,28.7,82.54,2.42,1009.67,0.1,0
2025-04-06,29.3,78.88,2.67,1010.36,6.5,0
2025-04-07,29.7,78.83,2.75,1010.92,0.0,0
2025-04-08,30.25,77.42,1.17,1011.13,0.0,0
2025-04-09,29.65,77.46,3.29,1009.78,6.6,0
2025-04-10,29.2,85.67,3.08,1008.68,16.4,0
2025-04-11,28.35,83.0,2.0,1009.0,0.0,0
2025-04-12,29.7,81.08,2.79,1009.64,0.0,1
2025-04-13,29.3,78.54,2.08,1009.56,0.0,0
2025-04-14,29.8,77.08,2.96,1009.26,0.0,0
2025-04-15,29.35,80.17,1.92,1009.08,0.0,0
2025-04-16,29.8,80.33,2.0,1008.59,9.5,0
2025-04-17,28.7,82.46,3.79,1008.6,0.0,0
2025-04-18,28.5,81.54,3.38,1008.81,0.0,0
2025-04-19,30.3,79.21,3.0,1008.14,1.8,0
2025-04-20,28.8,85.5,1.46,1009.26,13.8,0
2025-04-21,28.9,78.12,2.0,1010.74,0.0,0
2025-04-22,29.85,79.21,3.04,1010.36,0.9,0
2025-04-23,29.4,76.79,2.0,1009.49,0.0,0
2025-04-24,29.55,77.42,3.58,1009.97,0.0,0
2025-04-25,29.95,78.42,3.12,1010.0,3.6,0
2025-04-26,29.6,75.21,3.29,1010.04,0.0,0
2025-04-27,29.6,74.04,3.42,1009.18,0.7,0
2025-04-28,29.7,67.67,2.38,1008.85,0.0,0
2025-04-29,29.7,64.04,3.17,1008.72,0.0,0
2025-04-30,29.7,69.42,2.29,1009.52,0.0,0
2025-05-01,30.1,78.38,3.04,1009.13,28.0,0
2025-05-02,29.3,80.38,2.21,1009.2,0.0,0
2025-05-03,29.7,77.25,3.0,1008.55,0.0,0
2025-05-04,30.45,79.12,2.5,1008.62,0.0,0
2025-05-05,30.6,77.04,2.12,1009.12,0.0,0
2025-05-06,30.2,76.5,1.67,1008.62,0.0,0
2025-05-07,30.35,76.79,3.0,1007.43,0.0,0
2025-05-08,29.65,84.08,2.5,1008.14,0.1,0
2025-05-09,29.6,86.08,1.25,1009.24,13.5,0
2025-05-10,29.3,79.67,3.08,1008.25,2.3,0
2025-05-11,30.0,83.25,3.79,1007.95,19.0,0
2025-05-12,28.3,84.5,2.92,1008.22,0.2,0
2025-05-13,27.1,91.79,0.88,1009.55,6.5,0
2025-05-14,29.5,81.25,4.12,1009.94,0.0,1
2025-05-15,28.65,85.38,2.79,1009.86,4.0,0
2025-05-16,30.15,78.62,3.12,1009.41,0.0,0
2025-05-17,28.6,82.33,2.46,1009.8,3.7,0
2025-05-18,29.4,81.5,1.58,1009.26,1.5,0
2025-05-19,29.05,86.46,1.75,1009.37,7.8,0
2025-05-20,29.25,76.33,3.08,1008.55,0.0,0
2025-05-21,29.4,74.58,5.67,1008.14,0.0,0
2025-05-22,29.75,75.92,4.12,1007.35,0.0,1
2025-05-23,28.3,89.08,1.08,1007.95,4.9,0
2025-05-24,28.4,81.25,2.29,1008.02,0.0,0
2025-05-25,29.9,82.88,2.0,1008.54,3.6,0
2025-05-26,29.2,87.04,0.67,1009.49,1.0,0
2025-05-27,27.85,85.96,1.04,1009.82,0.0,1
2025-05-28,29.4,80.79,2.33,1010.1,0.2,0
2025-05-29,30.7,74.92,1.96,1010.83,0.0,1
2025-05-30,30.15,76.54,1.29,1011.45,0.0,0
2025-05-31,30.1,84.83,1.57,1012.22,11.1,0
2025-06-01,28.6,83.12,1.96,1012.28,0.0,0
2025-06-02,29.15,79.75,2.88,1010.85,0.0,0
2025-06-03,30.35,75.75,3.54,1010.31,0.0,0
2025-06-04,30.3,75.04,4.29,1011.33,0.0,0
2025-06-05,30.7,71.75,3.71,1010.72,0.0,0
2025-06-06,29.0,69.33,2.83,1010.56,0.0,0
2025-06-07,29.3,72.17,2.58,1010.53,0.0,0
2025-06-08,29.85,78.42,2.96,1009.12,8.3,0
2025-06-09,28.0,82.88,1.67,1008.9,8.0,0
2025-06-10,28.85,80.96,5.5,1008.49,1.8,0
2025-06-11,29.45,74.0,5.21,1008.95,0.0,0
2025-06-12,28.8,72.42,3.04,1010.1,0.0,0
2025-06-13,28.7,80.71,2.62,1011.1,0.0,1
2025-06-14,29.5,80.79,3.21,1010.93,0.4,0
2025-06-15,30.2,77.38,3.29,1010.47,0.0,0
2025-06-16,29.75,76.12,7.62,1010.37,0.0,1
2025-06-17,30.1,71.17,3.29,1010.66,0.0,0
2025-06-18,29.05,70.58,4.17,1010.42,0.2,0
2025-06-19,28.0,70.21,1.96,1011.0,0.0,0
2025-06-20,27.5,76.96,1.62,1011.55,0.0,0
2025-06-21,29.2,75.75,1.88,1011.08,0.0,0
2025-06-22,28.4,79.12,3.92,1011.23,0.0,1
2025-06-23,29.55,70.71,4.42,1010.58,0.0,0
2025-06-24,29.25,71.17,3.42,1011.3,0.0,0
2025-06-25,28.8,73.29,3.25,1011.7,0.0,0
2025-06-26,29.4,73.54,3.54,1010.93,0.0,0
2025-06-27,29.7,72.96,3.54,1010.22,0.0,0
2025-06-28,29.85,72.88,7.04,1010.19,0.0,0
2025-06-29,29.5,75.08,3.83,1009.56,0.0,0
2025-06-30,28.75,74.17,3.54,1010.01,0.0,0
2025-07-01,29.6,73.12,4.62,1010.95,0.0,0
2025-07-02,29.85,70.38,6.92,1010.54,0.0,0
2025-07-03,29.7,74.21,4.88,1011.12,0.0,0
2025-07-04,29.7,76.75,2.58,1010.82,0.0,0
2025-07-05,28.4,75.96,3.38,1010.92,0.0,0
2025-07-06,26.8,84.79,3.83,1011.58,0.3,0
2025-07-07,29.1,81.79,4.29,1011.92,32.6,0
2025-07-08,28.3,77.71,3.38,1011.06,0.0,0
2025-07-09,27.2,72.0,2.75,1010.52,0.0,0
2025-07-10,27.1,70.04,2.38,1009.38,0.0,0
2025-07-11,27.2,70.5,4.83,1009.55,0.0,0
2025-07-12,27.4,71.88,7.33,1010.73,0.0,0
2025-07-13,28.4,74.79,6.67,1010.79,0.0,0
2025-07-14,29.2,76.58,3.12,1010.6,0.0,0
2025-07-15,29.2,73.08,2.96,1010.28,0.0,0
2025-07-16,29.1,71.33,4.33,1010.06,0.0,0
2025-07-17,28.7,68.79,3.88,1010.38,0.0,0
2025-07-18,28.1,69.92,4.38,1009.72,0.0,0
2025-07-19,27.6,67.42,4.04,1009.05,0.0,0
2025-07-20,27.4,64.83,3.62,1009.62,0.0,0
2025-07-21,27.6,64.75,4.79,1010.45,0.0,0
2025-07-22,27.8,67.75,5.54,1009.29,0.0,0
2025-07-23,28.6,71.21,5.25,1008.7,0.0,0
2025-07-24,29.2,71.29,4.33,1009.31,2.4,0
2025-07-25,29.1,72.71,4.29,1010.09,0.0,0
2025-07-26,30.0,72.29,3.08,1010.76,0.0,0
2025-07-27,30.3,74.08,4.42,1010.96,0.0,0
2025-07-28,29.85,69.79,6.96,1010.72,0.0,0
2025-07-29,29.6,68.17,6.33,1010.74,0.0,0
2025-07-30,29.3,70.71,4.04,1011.2,0.0,0
2025-07-31,28.7,69.71,6.0,1010.88,0.0,0
2025-08-01,28.9,70.12,7.0,1010.28,0.0,0
2025-08-02,29.35,70.79,6.21,1010.38,0.0,0
2025-08-03,30.15,70.75,5.08,1010.86,0.0,0
2025-08-04,29.9,73.67,2.29,1011.12,0.0,0
2025-08-05,29.0,76.21,2.75,1011.11,0.0,0
2025-08-06,29.1,68.75,5.21,1010.35,0.0,0
2025-08-07,28.65,72.08,4.71,1010.81,0.0,0
2025-08-08,29.5,68.67,2.75,1011.76,0.0,0
2025-08-09,29.9,69.42,3.33,1011.74,0.0,0
2025-08-10,30.4,69.88,7.04,1010.73,0.0,0
2025-08-11,30.3,69.33,4.04,1009.68,0.0,0
2025-08-12,29.7,69.04,3.83,1010.75,0.0,0
2025-08-13,29.0,66.67,4.46,1011.52,0.0,0
2025-08-14,29.2,63.62,5.42,1011.36,0.0,0
2025-08-15,28.4,64.33,6.17,1010.03,0.0,0
2025-08-16,29.1,66.25,6.04,1009.71,0.0,0
2025-08-17,29.75,68.46,8.33,1011.19,0.0,0
2025-08-18,29.7,76.25,4.29,1011.81,0.0,1
2025-08-19,28.8,84.88,3.79,1012.02,27.4,0
2025-08-20,28.9,75.54,2.79,1011.37,0.0,1
2025-08-21,28.9,76.38,2.83,1011.46,0.0,0
2025-08-22,29.6,75.12,4.71,1010.79,0.0,0
2025-08-23,29.55,74.67,3.5,1010.77,0.0,0
2025-08-24,29.8,71.21,3.0,1011.08,0.0,0
2025-08-25,29.4,64.75,5.62,1011.65,0.0,0
2025-08-26,28.5,65.71,4.58,1011.05,0.0,0
2025-08-27,29.0,71.5,4.33,1010.62,0.0,0
2025-08-28,29.1,72.46,2.92,1010.87,0.0,0
2025-08-29,28.35,68.75,3.54,1011.8,0.0,0
2025-08-30,29.4,63.75,6.21,1011.22,0.0,0
2025-08-31,29.9,63.17,6.96,1010.69,0.0,0
2025-09-01,29.5,68.04,7.54,1010.36,0.0,0
2025-09-02,29.8,70.0,5.71,1011.05,0.0,0
2025-09-03,30.2,69.25,5.67,1010.95,0.0,0
2025-09-04,30.6,68.08,6.0,1010.27,0.0,0
2025-09-05,29.5,67.54,5.42,1010.59,0.0,0
2025-09-06,29.65,63.67,2.79,1011.18,0.0,0
2025-09-07,29.3,64.67,2.92,1011.11,0.0,0
2025-09-08,29.1,69.62,3.46,1011.05,0.0,0
2025-09-09,30.1,70.33,4.62,1010.65,0.0,0
2025-09-10,30.7,73.38,5.54,1010.03,6.6,0
2025-09-11,29.8,69.46,4.71,1010.2,0.0,1
2025-09-12,29.95,70.17,3.5,1010.58,0.0,0
2025-09-13,30.1,69.42,4.71,1011.11,0.0,0
2025-09-14,30.1,65.62,7.12,1011.11,0.0,0
2025-09-15,30.8,68.5,6.54,1010.81,0.0,0
2025-09-16,29.85,70.58,5.0,1010.69,0.0,0
2025-09-17,30.05,71.96,2.88,1011.02,0.0,0
2025-09-18,29.9,70.08,2.83,1011.47,0.0,1
2025-09-19,30.6,72.38,4.46,1011.2,0.0,0
2025-09-20,30.8,75.0,3.54,1011.29,0.0,0
2025-09-21,31.1,72.67,3.83,1011.22,0.0,0
2025-09-22,30.75,68.38,3.33,1010.38,0.0,0
2025-09-23,30.6,68.21,3.62,1009.93,0.0,0
2025-09-24,30.45,69.08,2.04,1009.65,3.8,0
2025-09-25,30.5,69.12,4.54,1010.45,0.0,0
2025-09-26,31.3,65.21,6.67,1010.74,0.0,0
2025-09-27,31.5,67.71,5.29,1010.76,0.0,0
2025-09-28,31.6,66.12,8.08,1010.57,0.0,0
2025-09-29,32.4,71.38,6.96,1010.32,2.1,0
2025-09-30,29.1,80.46,5.12,1010.66,0.5,0
2025-10-01,28.6,79.26,2.48,1010.59,0.8,0
2025-10-02,30.4,71.5,4.71,1011.14,0.0,0
2025-10-03,30.45,69.25,6.0,1011.68,0.0,0
2025-10-04,30.9,67.0,3.08,1011.86,0.0,0
2025-10-05,30.7,71.46,3.38,1012.3,0.0,0
2025-10-06,31.4,68.88,3.46,1012.49,0.0,0
2025-10-07,31.8,67.92,4.75,1011.95,0.0,0
2025-10-08,30.4,66.25,4.5,1010.97,0.0,0
2025-10-09,31.2,67.04,4.21,1010.95,2.6,0
2025-10-10,30.3,67.04,3.54,1010.65,0.0,0
2025-10-11,30.0,66.38,3.38,1010.47,0.0,0
2025-10-12,31.65,69.54,3.04,1009.82,0.0,0
2025-10-13,31.8,71.71,3.29,1009.49,0.0,0
2025-10-14,32.3,68.58,5.96,1008.18,0.0,0
2025-10-15,31.5,69.58,6.79,1006.97,0.0,0
2025-10-16,31.8,65.12,6.71,1006.91,0.0,0
2025-10-17,31.9,66.38,4.29,1007.39,0.0,0
2025-10-18,32.55,63.54,2.46,1006.18,0.0,0
2025-10-19,31.8,71.54,2.62,1005.95,0.9,0
2025-10-20,31.35,77.04,4.29,1006.65,0.9,0
2025-10-21,30.25,85.54,4.54,1007.79,13.0,0
2025-10-22,28.5,85.58,4.08,1008.84,0.0,1
2025-10-23,29.8,75.12,2.88,1008.59,0.0,0
2025-10-24,29.9,80.5,2.54,1008.76,5.0,0
2025-10-25,29.7,77.46,1.79,1008.78,12.0,0
2025-10-26,29.55,80.12,2.12,1010.0,1.1,0
2025-10-27,29.1,80.12,1.96,1010.06,0.0,0
2025-10-28,29.5,77.67,4.58,1010.53,0.0,1
2025-10-29,29.9,84.96,3.75,1010.62,33.9,0
2025-10-30,29.55,77.83,3.0,1010.62,0.5,0
2025-10-31,29.85,79.48,2.13,1011.49,0.0,1
2025-11-01,29.45,77.17,3.46,1010.51,0.0,0
2025-11-02,30.75,79.75,2.42,1010.47,0.0,1
2025-11-03,29.15,83.83,3.12,1009.95,4.8,0
2025-11-04,29.5,80.21,4.58,1009.13,0.7,0
2025-11-05,29.4,86.92,3.79,1008.8,74.9,0
2025-11-06,28.35,80.12,2.54,1008.9,2.2,0
2025-11-07,29.35,74.46,2.46,1009.08,0.0,0
2025-11-08,30.1,78.25,3.33,1009.23,0.6,0
2025-11-09,29.3,78.58,3.38,1008.98,0.0,0
2025-11-10,30.85,83.42,4.75,1008.95,19.5,0
2025-11-11,28.15,85.29,2.54,1009.59,16.4,0
2025-11-12,28.3,85.78,3.13,1009.72,20.7,0
2025-11-13,28.55,79.5,3.38,1009.03,0.4,0
2025-11-14,28.65,82.17,3.5,1008.41,9.0,0
2025-11-15,28.45,76.17,2.5,1009.45,0.0,0
2025-11-16,29.6,75.38,3.71,1009.65,1.0,0
2025-11-17,28.6,84.74,2.78,1009.13,5.1,0
2025-11-18,28.8,85.46,4.46,1008.4,51.3,0
2025-11-19,28.7,80.71,2.79,1008.36,0.7,0
2025-11-20,29.5,78.17,2.79,1008.93,0.0,0
2025-11-21,29.7,84.25,4.33,1008.64,36.0,0
2025-11-22,29.55,81.58,2.62,1007.98,5.7,0
2025-11-23,29.4,81.42,3.58,1007.96,38.5,0
2025-11-24,29.0,83.42,4.12,1007.52,3.6,0
2025-11-25,30.25,74.79,4.17,1006.52,6.0,0
2025-11-26,30.5,80.29,4.04,1007.65,30.0,0
2025-11-27,28.3,77.0,3.75,1008.39,0.0,0
2025-11-28,29.4,75.25,2.29,1008.39,0.0,1
2025-11-29,29.5,83.79,2.12,1009.78,39.2,0
2025-11-30,28.35,78.25,2.46,1010.95,0.0,0
2025-12-01,29.4,77.62,4.12,1010.11,1.0,0
2025-12-02,29.7,75.88,4.42,1009.81,0.0,0
2025-12-03,29.8,75.5,3.21,1010.0,0.0,0
2025-12-04,29.5,84.62,2.25,1010.98,0.7,0
2025-12-05,28.8,81.46,2.92,1010.28,18.2,0
2025-12-06,28.8,78.92,3.08,1009.53,0.0,0
2025-12-07,29.3,80.79,3.71,1008.75,1.0,0
2025-12-08,29.4,83.04,4.88,1008.22,6.5,0
2025-12-09,29.2,82.58,3.88,1008.38,2.6,0
2025-12-10,29.35,80.78,3.78,1008.56,3.4,0
2025-12-11,29.65,82.92,3.25,1008.11,22.0,0
2025-12-12,29.2,76.04,5.33,1007.12,0.0,0
2025-12-13,29.8,72.92,4.42,1006.66,0.0,0
2025-12-14,29.6,80.92,5.17,1006.95,5.4,0
2025-12-15,30.1,79.29,5.54,1007.11,37.0,0
2025-12-16,29.3,74.08,3.58,1007.2,0.3,0
2025-12-17,29.8,70.5,3.46,1007.25,14.4,0
2025-12-18,29.0,83.12,3.08,1006.47,2.3,0
2025-12-19,27.6,86.33,2.67,1006.82,0.6,0
2025-12-20,29.3,85.38,3.67,1006.86,2.0,0
2025-12-21,29.15,84.65,4.74,1007.71,53.9,0
2025-12-22,29.1,80.38,5.83,1007.04,0.0,1
2025-12-23,29.1,84.04,3.91,1006.4,41.2,0
2025-12-24,28.85,82.74,3.39,1006.66,59.2,0
2025-12-25,29.65,82.62,2.92,1006.9,0.0,0
2025-12-26,29.3,80.58,4.08,1007.37,4.0,0
2025-12-27,29.65,83.0,4.12,1008.38,25.6,0
2025-12-28,28.7,81.52,5.13,1007.92,3.6,0
2025-12-29,28.6,79.09,4.96,1007.72,24.6,1
2025-12-30,28.5,76.79,3.12,1007.46,0.0,0
2025-12-31,29.5,78.83,5.5,1007.57,0.0,0
2026-01-01,28.9,80.35,3.13,1008.87,28.2,0
2026-01-02,29.35,81.04,3.96,1009.51,15.5,0
2026-01-03,28.8,84.35,4.87,1010.53,21.0,0
2026-01-04,28.55,87.08,4.58,1010.68,93.9,0
2026-01-05,27.95,81.92,4.25,1010.28,0.4,0
2026-01-06,30.0,76.62,4.58,1009.31,0.0,0
2026-01-07,29.1,80.04,2.71,1009.06,50.7,0
2026-01-08,29.0,84.38,3.04,1009.52,18.9,0
2026-01-09,27.95,85.57,3.87,1009.51,7.6,0
2026-01-10,27.75,85.42,8.25,1009.65,18.0,0
2026-01-11,27.5,84.12,8.04,1010.09,1.0,0
2026-01-12,27.4,85.12,7.75,1010.29,11.6,0
2026-01-13,27.25,82.54,7.25,1009.38,0.0,1
2026-01-14,27.55,83.83,5.04,1008.51,16.7,0
2026-01-15,27.55,85.88,4.12,1008.56,1.1,0
2026-01-16,28.15,78.08,6.08,1007.63,0.0,0
2026-01-17,28.9,80.38,7.42,1006.48,1.7,0
2026-01-18,28.1,81.17,6.75,1006.99,0.5,0
2026-01-19,29.55,82.5,8.08,1007.57,9.8,0
2026-01-20,28.6,82.21,7.25,1007.7,0.0,1
2026-01-21,28.55,81.96,5.29,1007.58,3.0,0
2026-01-22,27.6,83.79,5.0,1008.7,13.1,0
2026-01-23,27.4,83.54,5.17,1010.75,0.8,0
2026-01-24,28.9,76.12,8.21,1011.0,0.0,0
2026-01-25,29.0,80.42,7.08,1010.58,10.0,0
2026-01-26,28.95,76.79,8.46,1010.57,0.0,0
2026-01-27,27.95,91.08,5.12,1011.47,6.0,0
2026-01-28,27.65,78.88,3.58,1011.52,0.0,1
2026-01-29,28.9,75.96,4.33,1011.66,0.0,0
2026-01-30,29.2,76.62,4.17,1011.62,0.0,0
2026-01-31,29.4,76.88,7.54,1010.68,0.0,1
