Data_ke,Data_Aktual_mm,Prediksi_LR_mm,Prediksi_RF_mm,AbsError_LR_mm,AbsError_RF_mm
Data ke-1,16.4,14.972,16.383,1.428,0.017
Data ke-2,0.0,5.382,8.804,5.382,8.804
Data ke-3,0.0,6.304,3.153,6.304,3.153
Data ke-4,0.0,4.659,1.767,4.659,1.767
Data ke-5,0.0,5.106,2.908,5.106,2.908
Data ke-6,0.0,7.304,3.307,7.304,3.307
Data ke-7,9.5,8.117,3.393,1.383,6.107
Data ke-8,0.0,8.618,10.018,8.618,10.018
Data ke-9,0.0,6.22,3.134,6.22,3.134
Data ke-10,1.8,6.572,4.213,4.772,2.413
Data ke-11,13.8,9.506,12.244,4.294,1.556
Data ke-12,0.0,0.747,1.563,0.747,1.563
Data ke-13,0.9,8.317,4.467,7.417,3.567
Data ke-14,0.0,5.186,1.909,5.186,1.909
Data ke-15,0.0,5.773,3.901,5.773,3.901
Data ke-16,3.6,7.047,4.712,3.447,1.112
Data ke-17,0.0,1.747,0.357,1.747,0.357
Data ke-18,0.7,1.535,0.331,0.835,0.369
Data ke-19,0.0,0.0,0.337,0.0,0.337
Data ke-20,0.0,0.0,0.057,0.0,0.057
Data ke-21,0.0,2.356,0.167,2.356,0.167
Data ke-22,28.0,12.432,6.575,15.568,21.425
Data ke-23,0.0,6.353,7.813,6.353,7.813
Data ke-24,0.0,1.856,5.207,1.856,5.207
Data ke-25,0.0,6.117,4.572,6.117,4.572
Data ke-26,0.0,1.929,3.725,1.929,3.725
Data ke-27,0.0,1.472,2.858,1.472,2.858
Data ke-28,0.0,4.36,6.3,4.36,6.3
Data ke-29,0.1,10.264,16.551,10.164,16.451
Data ke-30,13.5,8.992,15.196,4.508,1.696
Data ke-31,2.3,0.862,3.333,1.438,1.033
Data ke-32,19.0,9.075,27.987,9.925,8.987
Data ke-33,0.2,6.863,10.412,6.663,10.212
Data ke-34,6.5,10.26,9.877,3.76,3.377
Data ke-35,0.0,4.014,3.18,4.014,3.18
Data ke-36,4.0,9.587,10.029,5.587,6.029
Data ke-37,0.0,5.451,2.967,5.451,2.967
Data ke-38,3.7,6.406,10.164,2.706,6.464
Data ke-39,1.5,8.36,3.024,6.86,1.524
Data ke-40,7.8,13.076,15.955,5.276,8.155
Data ke-41,0.0,1.421,1.677,1.421,1.677
Data ke-42,0.0,3.594,0.579,3.594,0.579
Data ke-43,0.0,6.177,1.705,6.177,1.705
Data ke-44,4.9,14.097,11.033,9.197,6.133
Data ke-45,0.0,1.169,2.784,1.169,2.784
Data ke-46,3.6,8.206,17.723,4.606,14.123
Data ke-47,1.0,13.563,18.912,12.563,17.912
Data ke-48,0.0,7.357,12.339,7.357,12.339
Data ke-49,0.2,5.191,4.393,4.991,4.193
Data ke-50,0.0,2.038,3.009,2.038,3.009
Data ke-51,0.0,5.223,4.832,5.223,4.832
Data ke-52,11.1,14.368,24.196,3.268,13.096
Data ke-53,0.0,5.609,13.809,5.609,13.809
Data ke-54,0.0,3.352,9.657,3.352,9.657
Data ke-55,0.0,2.473,4.712,2.473,4.712
Data ke-56,0.0,2.327,1.628,2.327,1.628
Data ke-57,0.0,0.058,0.847,0.058,0.847
Data ke-58,0.0,0.0,0.497,0.0,0.497
Data ke-59,0.0,0.87,0.187,0.87,0.187
Data ke-60,8.3,10.238,7.319,1.938,0.981
Data ke-61,8.0,7.121,9.872,0.879,1.872
Data ke-62,1.8,6.405,5.66,4.605,3.86
Data ke-63,0.0,0.0,0.322,0.0,0.322
Data ke-64,0.0,0.0,0.359,0.0,0.359
Data ke-65,0.0,8.032,4.502,8.032,4.502
Data ke-66,0.4,8.181,5.051,7.781,4.651
Data ke-67,0.0,4.397,4.398,4.397,4.398
Data ke-68,0.0,5.936,3.198,5.936,3.198
Data ke-69,0.0,0.0,0.485,0.0,0.485
Data ke-70,0.2,0.0,0.047,0.2,0.153
Data ke-71,0.0,0.0,0.107,0.0,0.107
Data ke-72,0.0,5.192,3.306,5.192,3.306
Data ke-73,0.0,5.285,1.506,5.285,1.506
Data ke-74,0.0,8.194,7.962,8.194,7.962
Data ke-75,0.0,0.0,0.424,0.0,0.424
Data ke-76,0.0,0.0,0.021,0.0,0.021
Data ke-77,0.0,1.919,0.187,1.919,0.187
Data ke-78,0.0,2.976,0.04,2.976,0.04
Data ke-79,0.0,2.385,0.021,2.385,0.021
Data ke-80,0.0,4.135,0.014,4.135,0.014
Data ke-81,0.0,3.683,0.209,3.683,0.209
Data ke-82,0.0,0.0,0.066,0.0,0.066
Data ke-83,0.0,0.413,0.141,0.413,0.141
Data ke-84,0.0,2.185,0.002,2.185,0.002
Data ke-85,0.0,4.487,0.055,4.487,0.055
Data ke-86,0.0,4.464,4.131,4.464,4.131
Data ke-87,0.0,0.415,1.567,0.415,1.567
Data ke-88,0.3,9.769,13.117,9.469,12.817
Data ke-89,32.6,9.104,6.542,23.496,26.058
Data ke-90,0.0,2.201,5.131,2.201,5.131
Data ke-91,0.0,0.0,2.046,0.0,2.046
Data ke-92,0.0,0.0,0.981,0.0,0.981
Data ke-93,0.0,1.528,0.631,1.528,0.631
Data ke-94,0.0,5.37,0.403,5.37,0.403
Data ke-95,0.0,8.637,0.407,8.637,0.407
Data ke-96,0.0,5.116,4.465,5.116,4.465
Data ke-97,0.0,0.0,0.083,0.0,0.083
Data ke-98,0.0,0.894,0.004,0.894,0.004
Data ke-99,0.0,0.0,0.017,0.0,0.017
Data ke-100,0.0,2.145,0.0,2.145,0.0
Data ke-101,0.0,0.0,0.001,0.0,0.001
Data ke-102,0.0,0.0,0.005,0.0,0.005
Data ke-103,0.0,0.0,0.011,0.0,0.011
Data ke-104,0.0,1.339,0.009,1.339,0.009
Data ke-105,0.0,4.014,0.008,4.014,0.008
Data ke-106,2.4,0.827,0.053,1.573,2.347
Data ke-107,0.0,2.23,0.074,2.23,0.074
Data ke-108,0.0,2.654,0.019,2.654,0.019
Data ke-109,0.0,6.466,0.067,6.466,0.067
Data ke-110,0.0,0.762,0.117,0.762,0.117
Data ke-111,0.0,0.0,0.0,0.0,0.0
Data ke-112,0.0,0.0,0.001,0.0,0.001
Data ke-113,0.0,0.0,0.0,0.0,0.0
Data ke-114,0.0,0.699,0.0,0.699,0.0
Data ke-115,0.0,1.871,0.0,1.871,0.0
Data ke-116,0.0,1.878,0.0,1.878,0.0
Data ke-117,0.0,3.842,0.047,3.842,0.047
Data ke-118,0.0,5.685,1.849,5.685,1.849
Data ke-119,0.0,0.0,0.129,0.0,0.129
Data ke-120,0.0,3.816,0.016,3.816,0.016
Data ke-121,0.0,0.0,0.022,0.0,0.022
Data ke-122,0.0,1.105,0.0,1.105,0.0
Data ke-123,0.0,5.359,0.001,5.359,0.001
Data ke-124,0.0,0.558,0.001,0.558,0.001
Data ke-125,0.0,0.0,0.005,0.0,0.005
Data ke-126,0.0,0.0,0.0,0.0,0.0
Data ke-127,0.0,0.0,0.0,0.0,0.0
Data ke-128,0.0,0.0,0.007,0.0,0.007
Data ke-129,0.0,0.0,0.0,0.0,0.0
Data ke-130,0.0,2.019,0.007,2.019,0.007
Data ke-131,0.0,7.056,1.854,7.056,1.854
Data ke-132,27.4,12.622,15.074,14.778,12.326
Data ke-133,0.0,0.0,1.861,0.0,1.861
Data ke-134,0.0,4.306,2.282,4.306,2.282
Data ke-135,0.0,9.106,0.861,9.106,0.861
Data ke-136,0.0,5.398,0.312,5.398,0.312
Data ke-137,0.0,1.304,0.233,1.304,0.233
Data ke-138,0.0,0.0,0.245,0.0,0.245
Data ke-139,0.0,0.0,0.289,0.0,0.289
Data ke-140,0.0,5.022,0.0,5.022,0.0
Data ke-141,0.0,1.356,0.041,1.356,0.041
Data ke-142,0.0,0.0,0.001,0.0,0.001
Data ke-143,0.0,0.0,0.0,0.0,0.0
Data ke-144,0.0,0.0,0.0,0.0,0.0
Data ke-145,0.0,4.516,0.001,4.516,0.001
Data ke-146,0.0,1.809,0.004,1.809,0.004
Data ke-147,0.0,0.538,0.002,0.538,0.002
Data ke-148,0.0,0.885,0.0,0.885,0.0
Data ke-149,0.0,0.0,0.0,0.0,0.0
Data ke-150,0.0,0.0,0.014,0.0,0.014
Data ke-151,0.0,0.0,0.006,0.0,0.006
Data ke-152,0.0,5.119,0.0,5.119,0.0
Data ke-153,0.0,5.95,0.045,5.95,0.045
Data ke-154,6.6,8.187,0.09,1.587,6.51
Data ke-155,0.0,0.0,0.135,0.0,0.135
Data ke-156,0.0,0.0,0.063,0.0,0.063
Data ke-157,0.0,0.377,0.022,0.377,0.022
Data ke-158,0.0,0.0,0.003,0.0,0.003
Data ke-159,0.0,3.885,0.004,3.885,0.004
Data ke-160,0.0,1.321,0.003,1.321,0.003
Data ke-161,0.0,0.192,0.02,0.192,0.02
Data ke-162,0.0,0.0,0.006,0.0,0.006
Data ke-163,0.0,6.639,0.023,6.639,0.023
Data ke-164,0.0,8.928,0.357,8.928,0.357
Data ke-165,0.0,4.286,0.233,4.286,0.233
Data ke-166,0.0,0.0,0.01,0.0,0.01
Data ke-167,0.0,0.0,0.018,0.0,0.018
Data ke-168,3.8,0.0,0.156,3.8,3.644
Data ke-169,0.0,1.657,0.188,1.657,0.188
Data ke-170,0.0,0.0,0.014,0.0,0.014
Data ke-171,0.0,2.189,0.013,2.189,0.013
Data ke-172,0.0,0.0,0.002,0.0,0.002
Data ke-173,2.1,4.464,0.005,2.364,2.095
Data ke-174,0.5,6.287,8.777,5.787,8.277
Data ke-175,0.8,0.0,6.798,0.8,5.998
Data ke-176,0.0,0.0,0.319,0.0,0.319
Data ke-177,0.0,2.621,0.358,2.621,0.358
Data ke-178,0.0,1.644,0.171,1.644,0.171
Data ke-179,0.0,6.705,0.003,6.705,0.003
Data ke-180,0.0,3.334,0.002,3.334,0.002
Data ke-181,0.0,4.787,0.002,4.787,0.002
Data ke-182,0.0,0.0,0.002,0.0,0.002
Data ke-183,2.6,0.78,0.001,1.82,2.599
Data ke-184,0.0,0.0,0.097,0.0,0.097
Data ke-185,0.0,0.0,0.008,0.0,0.008
Data ke-186,0.0,5.126,0.011,5.126,0.011
Data ke-187,0.0,6.404,0.006,6.404,0.006
Data ke-188,0.0,3.435,0.01,3.435,0.01
Data ke-189,0.0,2.821,0.133,2.821,0.133
Data ke-190,0.0,0.0,0.261,0.0,0.261
Data ke-191,0.0,0.0,0.79,0.0,0.79
Data ke-192,0.0,0.0,1.588,0.0,1.588
Data ke-193,0.9,4.873,2.445,3.973,1.545
Data ke-194,0.9,10.033,7.757,9.133,6.857
Data ke-195,13.0,14.382,24.323,1.382,11.323
Data ke-196,0.0,6.03,12.257,6.03,12.257
Data ke-197,0.0,0.0,2.408,0.0,2.408
Data ke-198,5.0,6.189,5.667,1.189,0.667
Data ke-199,12.0,2.759,3.731,9.241,8.269
Data ke-200,1.1,8.23,5.75,7.13,4.65
Data ke-201,0.0,9.485,3.217,9.485,3.217
Data ke-202,0.0,8.526,3.476,8.526,3.476
Data ke-203,33.9,16.418,26.721,17.482,7.179
Data ke-204,0.5,3.093,2.155,2.593,1.655
Data ke-205,0.0,6.454,6.148,6.454,6.148
Data ke-206,0.0,8.679,4.071,8.679,4.071
Data ke-207,0.0,12.206,6.498,12.206,6.498
Data ke-208,4.8,14.075,13.864,9.275,9.064
Data ke-209,0.7,9.01,5.155,8.31,4.455
Data ke-210,74.9,16.371,30.721,58.529,44.179
Data ke-211,2.2,4.786,3.047,2.586,0.847
Data ke-212,0.0,3.031,1.316,3.031,1.316
Data ke-213,0.6,16.504,4.982,15.904,4.382
Data ke-214,0.0,10.305,5.13,10.305,5.13
Data ke-215,19.5,17.716,26.711,1.784,7.211
Data ke-216,16.4,9.998,10.244,6.402,6.156
Data ke-217,20.7,10.788,9.562,9.912,11.138
Data ke-218,0.4,5.769,3.408,5.369,3.008
Data ke-219,9.0,12.474,14.539,3.474,5.539
Data ke-220,0.0,3.785,1.828,3.785,1.828
Data ke-221,1.0,8.007,0.588,7.007,0.412
Data ke-222,5.1,18.604,14.845,13.504,9.745
Data ke-223,51.3,16.091,17.193,35.209,34.107
Data ke-224,0.7,6.559,3.086,5.859,2.386
Data ke-225,0.0,8.602,5.04,8.602,5.04
Data ke-226,36.0,20.273,35.482,15.727,0.518
Data ke-227,5.7,10.902,4.664,5.202,1.036
Data ke-228,38.5,10.628,5.326,27.872,33.174
Data ke-229,3.6,14.993,21.543,11.393,17.943
Data ke-230,6.0,5.137,2.199,0.863,3.801
Data ke-231,30.0,14.046,7.703,15.954,22.297
Data ke-232,0.0,4.021,4.067,4.021,4.067
Data ke-233,0.0,4.479,2.72,4.479,2.72
Data ke-234,39.2,16.306,22.485,22.894,16.715
Data ke-235,0.0,4.476,3.98,4.476,3.98
Data ke-236,1.0,9.722,6.505,8.722,5.505
Data ke-237,0.0,8.806,3.484,8.806,3.484
Data ke-238,0.0,5.308,0.646,5.308,0.646
Data ke-239,0.7,15.496,23.237,14.796,22.537
Data ke-240,18.2,8.282,4.306,9.918,13.894
Data ke-241,0.0,6.37,4.941,6.37,4.941
Data ke-242,1.0,12.906,6.73,11.906,5.73
Data ke-243,6.5,15.738,29.904,9.238,23.404
Data ke-244,2.6,10.825,22.71,8.225,20.11
Data ke-245,3.4,8.832,2.701,5.432,0.699
Data ke-246,22.0,13.426,29.015,8.574,7.015
Data ke-247,0.0,5.883,1.601,5.883,1.601
Data ke-248,0.0,4.705,1.433,4.705,1.433
Data ke-249,5.4,16.899,6.325,11.499,0.925
Data ke-250,37.0,11.046,7.111,25.954,29.889
Data ke-251,0.3,1.47,2.529,1.17,2.229
Data ke-252,14.4,1.645,2.925,12.755,11.475
Data ke-253,2.3,18.941,18.454,16.641,16.154
Data ke-254,0.6,13.698,13.822,13.098,13.222
Data ke-255,2.0,13.053,25.947,11.053,23.947
Data ke-256,53.9,12.158,16.823,41.742,37.077
Data ke-257,0.0,8.989,4.767,8.989,4.767
Data ke-258,41.2,13.394,18.2,27.806,23.0
Data ke-259,59.2,11.782,19.872,47.418,39.328
Data ke-260,0.0,12.792,26.703,12.792,26.703
Data ke-261,4.0,14.061,6.662,10.061,2.662
Data ke-262,25.6,16.71,34.936,8.89,9.336
Data ke-263,3.6,10.142,4.642,6.542,1.042
Data ke-264,24.6,6.44,5.013,18.16,19.587
Data ke-265,0.0,4.085,3.276,4.085,3.276
Data ke-266,0.0,11.203,6.888,11.203,6.888
Data ke-267,28.2,10.414,5.023,17.786,23.177
Data ke-268,15.5,12.117,5.301,3.383,10.199
Data ke-269,21.0,14.739,15.637,6.261,5.363
Data ke-270,93.9,17.964,19.317,75.936,74.583
Data ke-271,0.4,8.301,6.331,7.901,5.931
Data ke-272,0.0,8.893,5.758,8.893,5.758
Data ke-273,50.7,14.687,6.052,36.013,44.648
Data ke-274,18.9,15.277,16.486,3.623,2.414
Data ke-275,7.6,14.876,12.996,7.276,5.396
Data ke-276,18.0,18.049,16.394,0.049,1.606
Data ke-277,1.0,11.586,13.105,10.586,12.105
Data ke-278,11.6,11.792,10.369,0.192,1.231
Data ke-279,0.0,7.317,11.511,7.317,11.511
Data ke-280,16.7,9.999,10.177,6.701,6.523
Data ke-281,1.1,15.463,14.817,14.363,13.717
Data ke-282,0.0,10.456,2.269,10.456,2.269
Data ke-283,1.7,19.845,4.392,18.145,2.692
Data ke-284,0.5,15.858,3.624,15.358,3.124
Data ke-285,9.8,17.765,28.491,7.965,18.691
Data ke-286,0.0,13.079,13.814,13.079,13.814
Data ke-287,3.0,10.734,6.912,7.734,3.912
Data ke-288,13.1,11.392,12.318,1.708,0.782
Data ke-289,0.8,11.725,10.116,10.925,9.316
Data ke-290,0.0,9.921,2.873,9.921,2.873
Data ke-291,10.0,16.419,4.896,6.419,5.104
Data ke-292,0.0,9.754,4.042,9.754,4.042
Data ke-293,6.0,21.582,16.077,15.582,10.077
Data ke-294,0.0,3.017,3.71,3.017,3.71
Data ke-295,0.0,6.276,2.492,6.276,2.492
Data ke-296,0.0,14.213,4.98,14.213,4.98
Data ke-297,0.0,16.293,5.902,16.293,5.902
HASIL AKHIR (RMSE & R2),,,,RMSE=10.2482 | R2=0.2337,RMSE=9.8928 | R2=0.2859
